year,team_name,stage_rank,won_tournament,elo_pre_tournament,form_matches,form_win_rate,form_draw_rate,form_gd_per_game,form_gf_per_game,form_ga_per_game,form_points_per_game,squad_size,squad_avg_age,squad_min_age,squad_avg_exp,n_gk,n_def,n_mid,n_fwd,wc_appearances,best_stage_ever,is_host,won_last_wc
1930,Argentina,7,0,1500.0,8.0,0.5,0.375,1.125,1.75,0.625,1.875,22,25.0,20.432580424366872,0.0,0,5,5,10,0,0,0,0
1930,Belgium,1,0,1500.0,10.0,0.5,0.1,0.2,2.3,2.1,1.6,16,25.5,19.392197125256672,0.0,0,3,5,6,0,0,0,0
1930,Bolivia,1,0,1500.0,,0.0,0.0,0.0,0.0,0.0,0.0,17,25.2,18.321697467488022,0.0,0,3,6,6,0,0,0,0
1930,Brazil,1,0,1500.0,,0.0,0.0,0.0,0.0,0.0,0.0,24,24.9,18.04791238877481,0.0,0,5,6,11,0,0,0,0
1930,Chile,1,0,1500.0,,0.0,0.0,0.0,0.0,0.0,0.0,19,26.6,20.229979466119097,0.0,0,4,5,8,0,0,0,0
1930,France,1,0,1500.0,12.0,0.25,0.08333333333333333,-1.5833333333333333,1.4166666666666667,3.0,0.8333333333333334,16,24.0,22.012320328542096,0.0,0,4,4,6,0,0,0,0
1930,Mexico,1,0,1500.0,,0.0,0.0,0.0,0.0,0.0,0.0,17,24.7,18.236824093086927,0.0,0,3,4,8,0,0,0,0
1930,Paraguay,1,0,1500.0,3.0,0.6666666666666666,0.0,1.6666666666666667,3.0,1.3333333333333333,2.0,22,24.4,19.800136892539356,0.0,0,4,6,10,0,0,0,0
1930,Peru,1,0,1500.0,3.0,0.0,0.0,-3.6666666666666665,0.3333333333333333,4.0,0.0,22,23.5,19.104722792607802,0.0,0,4,7,9,0,0,0,0
1930,Romania,1,0,1500.0,6.0,0.6666666666666666,0.0,1.6666666666666667,3.1666666666666665,1.5,2.0,15,23.4,18.55441478439425,0.0,0,4,3,6,0,0,0,0
1930,United States,5,0,1500.0,,0.0,0.0,0.0,0.0,0.0,0.0,16,26.6,20.687200547570157,0.0,0,3,3,9,0,0,0,0
1930,Uruguay,7,1,1500.0,8.0,0.25,0.375,-0.375,1.0,1.375,1.125,22,26.7,22.05612594113621,0.0,0,4,6,10,0,0,1,0
1930,Yugoslavia,5,0,0.0,,0.0,0.0,0.0,0.0,0.0,0.0,17,22.1,18.54072553045859,0.0,0,4,4,7,0,0,0,0
1934,Argentina,3,0,1500.0,3.0,0.6666666666666666,0.0,1.0,2.0,1.0,2.0,18,23.9,19.184120465434635,0.0,0,4,5,7,1,7,0,0
1934,Austria,6,0,1500.0,14.0,0.5714285714285714,0.2857142857142857,1.5714285714285714,3.2142857142857144,1.6428571428571428,2.0,22,26.2,20.66803559206023,0.0,0,4,4,11,0,0,0,0
1934,Belgium,3,0,1500.0,14.0,0.14285714285714285,0.21428571428571427,-2.0,1.7857142857142858,3.7857142857142856,0.6428571428571429,22,24.9,19.994524298425734,0.18,0,3,8,9,1,1,0,0
1934,Brazil,3,0,1500.0,1.0,1.0,0.0,1.0,2.0,1.0,3.0,19,24.0,20.720054757015742,0.11,0,3,6,8,1,1,0,0
1934,Czechoslovakia,7,0,0.0,,0.0,0.0,0.0,0.0,0.0,0.0,22,25.7,19.482546201232033,0.0,0,4,7,9,0,0,0,0
1934,Egypt,3,0,1500.0,2.0,1.0,0.0,4.5,5.5,1.0,3.0,20,24.4,19.81656399726215,0.0,0,3,7,8,0,0,0,0
1934,France,3,0,1500.0,12.0,0.4166666666666667,0.16666666666666666,-0.16666666666666666,2.0,2.1666666666666665,1.4166666666666667,22,24.5,19.94524298425736,0.27,0,4,7,8,1,1,0,0
1934,Germany,6,0,1500.0,9.0,0.5555555555555556,0.2222222222222222,1.7777777777777777,3.2222222222222223,1.4444444444444444,1.8888888888888888,22,24.5,19.54277891854894,0.0,0,5,5,9,0,0,0,0
1934,Hungary,4,0,1500.0,15.0,0.4,0.2,0.06666666666666667,1.9333333333333333,1.8666666666666667,1.4,22,25.0,21.22655715263518,0.0,0,4,7,9,0,0,0,0
1934,Italy,7,1,1500.0,10.0,0.8,0.1,1.6,2.8,1.2,2.5,22,28.1,20.142368240930868,0.09,0,4,7,8,0,0,1,0
1934,Netherlands,3,0,1500.0,10.0,0.5,0.0,0.9,2.9,2.0,1.5,22,25.2,19.077344284736483,0.0,0,3,5,11,0,0,0,0
1934,Romania,3,0,1500.0,4.0,0.75,0.25,3.25,4.0,0.75,2.5,22,24.3,20.591375770020534,0.09,0,5,5,9,1,1,0,0
1934,Spain,4,0,1500.0,7.0,0.7142857142857143,0.14285714285714285,3.857142857142857,4.285714285714286,0.42857142857142855,2.2857142857142856,22,25.6,21.555099247091032,0.0,0,3,9,8,0,0,0,0
1934,Sweden,4,0,1500.0,8.0,0.75,0.125,1.625,2.875,1.25,2.375,23,27.1,22.146475017111566,0.0,0,3,6,11,0,0,0,0
1934,Switzerland,4,0,1500.0,12.0,0.25,0.25,-0.8333333333333334,1.5,2.3333333333333335,1.0,23,24.8,19.54277891854894,0.0,0,5,5,10,0,0,0,0
1934,United States,3,0,1500.0,1.0,1.0,0.0,2.0,4.0,2.0,3.0,19,28.1,17.760438056125942,0.21,0,5,8,5,1,5,0,0
1938,Belgium,3,0,1500.0,14.0,0.2857142857142857,0.21428571428571427,-0.6428571428571429,1.6428571428571428,2.2857142857142856,1.0714285714285714,22,25.7,20.254620123203285,0.32,0,5,5,9,2,3,0,0
1938,Brazil,6,0,1500.0,6.0,0.6666666666666666,0.0,1.0,2.8333333333333335,1.8333333333333333,2.0,22,25.9,20.58590006844627,0.14,0,4,6,10,2,3,0,0
1938,Cuba,4,0,1500.0,1.0,0.0,0.0,-4.0,0.0,4.0,0.0,15,23.9,20.470910335386723,0.0,0,2,3,8,0,0,0,0
1938,Czechoslovakia,4,0,0.0,,0.0,0.0,0.0,0.0,0.0,0.0,22,25.9,19.21697467488022,0.36,0,4,5,11,1,7,0,0
1938,Dutch East Indies,3,0,0.0,,0.0,0.0,0.0,0.0,0.0,0.0,19,25.0,22.392881587953458,0.0,0,4,5,8,0,0,0,0
1938,France,4,0,1500.0,11.0,0.45454545454545453,0.09090909090909091,-0.09090909090909091,1.9090909090909092,2.0,1.4545454545454546,22,26.3,22.297056810403834,0.5,0,5,5,9,2,3,1,0
1938,Germany,3,0,1500.0,16.0,0.6875,0.25,1.75,2.75,1.0,2.3125,22,26.4,19.318275154004105,0.5,0,5,5,9,1,6,0,0
1938,Hungary,7,0,1500.0,12.0,0.5833333333333334,0.25,1.9166666666666667,3.4166666666666665,1.5,2.0,22,27.0,19.055441478439427,0.5,0,3,7,9,1,4,0,0
1938,Italy,7,1,1500.0,8.0,0.75,0.25,2.0,2.5,0.5,2.5,22,26.4,22.12457221081451,0.18,0,3,9,7,1,7,0,1
1938,Netherlands,3,0,1500.0,9.0,0.4444444444444444,0.2222222222222222,0.7777777777777778,2.3333333333333335,1.5555555555555556,1.5555555555555556,22,25.3,18.38740588637919,0.36,0,4,5,11,1,3,0,0
1938,Norway,3,0,1500.0,10.0,0.4,0.1,-1.2,1.5,2.7,1.3,22,26.0,20.865160848733744,0.0,0,6,5,8,0,0,0,0
1938,Poland,3,0,1500.0,9.0,0.5555555555555556,0.2222222222222222,1.3333333333333333,2.888888888888889,1.5555555555555556,1.8888888888888888,22,24.7,17.300479123887747,0.0,0,4,6,10,0,0,0,0
1938,Romania,3,0,1500.0,6.0,0.3333333333333333,0.3333333333333333,0.16666666666666666,1.6666666666666667,1.5,1.3333333333333333,22,25.9,20.39151266255989,0.41,0,4,5,10,2,3,0,0
1938,Sweden,6,0,1500.0,8.0,0.25,0.125,-0.5,2.125,2.625,0.875,22,26.2,21.117043121149898,0.14,0,4,5,11,1,4,0,0
1938,Switzerland,4,0,1500.0,16.0,0.25,0.1875,-0.5625,1.5625,2.125,0.9375,22,26.2,19.62217659137577,0.27,0,3,5,11,1,4,0,0
1950,Bolivia,1,0,1500.0,9.0,0.5555555555555556,0.0,-1.5555555555555556,1.6666666666666667,3.2222222222222223,1.6666666666666667,22,26.2,22.469541409993155,0.0,0,3,8,9,1,1,0,0
1950,Brazil,2,0,1500.0,12.0,0.75,0.08333333333333333,3.4166666666666665,4.75,1.3333333333333333,2.3333333333333335,22,27.4,22.573579739904176,0.0,0,4,6,10,3,6,1,0
1950,Chile,1,0,1500.0,11.0,0.36363636363636365,0.09090909090909091,-0.36363636363636365,1.6363636363636365,2.0,1.1818181818181819,22,25.0,19.485284052019164,0.0,0,6,5,9,1,1,0,0
1950,England,1,0,1500.0,11.0,0.7272727272727273,0.0,1.5454545454545454,3.090909090909091,1.5454545454545454,2.1818181818181817,21,28.9,24.88158795345654,0.0,0,6,5,8,0,0,0,0
1950,Italy,1,0,1500.0,7.0,0.5714285714285714,0.14285714285714285,0.8571428571428571,2.0,1.1428571428571428,1.8571428571428572,22,27.1,21.730321697467488,0.0,0,5,5,9,2,7,0,0
1950,Mexico,1,0,1500.0,4.0,1.0,0.0,3.75,4.25,0.5,3.0,22,26.2,21.045859000684462,0.0,0,6,7,7,1,1,0,0
1950,Paraguay,1,0,1500.0,13.0,0.5384615384615384,0.15384615384615385,0.23076923076923078,2.230769230769231,2.0,1.7692307692307692,22,25.3,19.45516769336071,0.0,0,5,4,11,1,1,0,0
1950,Spain,2,0,1500.0,7.0,0.42857142857142855,0.42857142857142855,1.2857142857142858,2.7142857142857144,1.4285714285714286,1.7142857142857142,22,27.6,23.59753593429158,0.0,0,6,6,7,1,4,0,0
1950,Sweden,2,0,1500.0,9.0,0.5555555555555556,0.2222222222222222,1.1111111111111112,3.111111111111111,2.0,1.8888888888888888,22,27.1,20.49828884325804,0.05,0,4,5,10,2,6,0,0
1950,Switzerland,1,0,1500.0,9.0,0.3333333333333333,0.1111111111111111,-0.4444444444444444,2.111111111111111,2.5555555555555554,1.1111111111111112,22,27.8,20.637919233401778,0.05,0,6,3,10,2,4,0,0
1950,United States,1,0,1500.0,5.0,0.2,0.2,-2.2,1.6,3.8,0.8,18,27.7,21.79876796714579,0.0,0,4,3,9,2,5,0,0
1950,Uruguay,2,1,1500.0,12.0,0.3333333333333333,0.08333333333333333,-0.3333333333333333,2.3333333333333335,2.6666666666666665,1.0833333333333333,22,25.6,19.88227241615332,0.0,0,6,4,10,1,7,0,0
1950,Yugoslavia,1,0,0.0,,0.0,0.0,0.0,0.0,0.0,0.0,22,27.6,21.639972621492127,0.0,0,6,6,8,1,5,0,0
1954,Austria,6,0,1500.0,9.0,0.3333333333333333,0.3333333333333333,1.0,2.111111111111111,1.1111111111111112,1.3333333333333333,22,26.6,21.9958932238193,0.0,0,4,8,7,1,6,0,0
1954,Belgium,1,0,1500.0,14.0,0.5,0.2857142857142857,0.6428571428571429,1.9285714285714286,1.2857142857142858,1.7857142857142858,22,26.8,21.492128678986994,0.0,0,5,7,7,3,3,0,0
1954,Brazil,4,0,1500.0,11.0,0.7272727272727273,0.0,1.3636363636363635,2.272727272727273,0.9090909090909091,2.1818181818181817,22,26.0,20.361396303901437,0.27,0,6,5,8,4,6,0,0
1954,Czechoslovakia,1,0,0.0,,0.0,0.0,0.0,0.0,0.0,0.0,22,26.2,20.21902806297057,0.0,0,4,5,10,2,7,0,0
1954,England,4,0,1500.0,12.0,0.4166666666666667,0.16666666666666666,-0.16666666666666666,2.25,2.4166666666666665,1.4166666666666667,22,28.7,19.66324435318275,0.23,0,3,7,10,1,1,0,0
1954,France,1,0,1500.0,11.0,0.45454545454545453,0.09090909090909091,1.1818181818181819,3.0,1.8181818181818181,1.4545454545454546,22,26.0,21.61533196440794,0.0,0,5,5,9,3,4,0,0
1954,Hungary,7,0,1500.0,11.0,0.7272727272727273,0.2727272727272727,2.090909090909091,3.272727272727273,1.1818181818181819,2.4545454545454546,22,26.6,21.691991786447637,0.0,0,5,5,9,2,7,0,0
1954,Italy,1,0,1500.0,7.0,0.7142857142857143,0.0,1.0,2.142857142857143,1.1428571428571428,2.142857142857143,22,26.7,21.22108145106092,0.32,0,4,6,9,3,7,0,0
1954,Mexico,1,0,1500.0,4.0,1.0,0.0,4.5,4.75,0.25,3.0,22,26.1,19.29637234770705,0.23,0,5,4,11,2,1,0,0
1954,Scotland,1,0,1500.0,8.0,0.375,0.375,0.125,1.875,1.75,1.5,22,26.7,20.629705681040384,0.0,0,5,3,12,0,0,0,0
1954,South Korea,1,0,1500.0,14.0,0.42857142857142855,0.2857142857142857,0.35714285714285715,2.642857142857143,2.2857142857142856,1.5714285714285714,20,30.1,22.921286789869953,0.0,0,5,5,8,0,0,0,0
1954,Switzerland,4,0,1500.0,10.0,0.3,0.2,-0.8,1.9,2.7,1.1,22,27.3,20.739219712525667,0.32,0,4,7,8,3,4,1,0
1954,Turkey,1,0,1500.0,5.0,0.4,0.4,-0.2,1.6,1.8,1.6,22,23.8,19.148528405201915,0.0,0,8,3,8,0,0,0,0
1954,Uruguay,6,0,1500.0,11.0,0.45454545454545453,0.2727272727272727,1.1818181818181819,2.6363636363636362,1.4545454545454546,1.6363636363636365,22,27.0,19.857631759069132,0.36,0,4,6,10,2,7,0,1
1954,West Germany,7,1,0.0,,0.0,0.0,0.0,0.0,0.0,0.0,22,28.1,20.859685147159478,0.0,0,6,5,8,0,0,0,0
1954,Yugoslavia,4,0,0.0,,0.0,0.0,0.0,0.0,0.0,0.0,22,27.0,20.410677618069816,0.36,0,7,5,8,2,5,0,0
1958,Argentina,1,0,1500.0,19.0,0.631578947368421,0.10526315789473684,1.631578947368421,2.4210526315789473,0.7894736842105263,2.0,22,28.2,21.295003422313485,0.0,0,8,2,10,2,7,0,0
1958,Austria,1,0,1500.0,12.0,0.5833333333333334,0.25,0.9166666666666666,2.4166666666666665,1.5,2.0,22,27.6,20.046543463381244,0.5,0,6,4,9,2,6,0,0
1958,Brazil,7,1,1500.0,18.0,0.6111111111111112,0.16666666666666666,1.6111111111111112,2.5555555555555554,0.9444444444444444,2.0,22,25.8,17.623545516769337,0.32,0,6,6,8,5,6,0,0
1958,Czechoslovakia,1,0,0.0,,0.0,0.0,0.0,0.0,0.0,0.0,22,25.4,20.093086926762492,0.36,0,6,4,9,3,7,0,0
1958,England,1,0,1500.0,11.0,0.6363636363636364,0.18181818181818182,1.3636363636363635,2.6363636363636362,1.2727272727272727,2.090909090909091,22,25.2,20.580424366872005,0.23,0,5,4,10,2,4,0,0
1958,France,6,0,1500.0,8.0,0.25,0.5,0.75,2.125,1.375,1.25,22,28.0,21.347022587268995,0.41,0,5,8,6,4,4,0,0
1958,Hungary,1,0,1500.0,10.0,0.5,0.2,1.0,1.8,0.8,1.7,22,27.1,21.78781656399726,0.27,0,6,3,11,3,7,0,0
1958,Mexico,1,0,1500.0,6.0,0.8333333333333334,0.16666666666666666,3.0,3.5,0.5,2.6666666666666665,22,26.9,20.520191649555098,0.32,0,6,5,8,3,1,0,0
1958,Northern Ireland,4,0,1500.0,9.0,0.3333333333333333,0.5555555555555556,0.4444444444444444,1.4444444444444444,1.0,1.5555555555555556,22,27.1,20.306639288158795,0.0,0,5,3,11,0,0,0,0
1958,Paraguay,1,0,1500.0,13.0,0.46153846153846156,0.15384615384615385,0.3076923076923077,1.8461538461538463,1.5384615384615385,1.5384615384615385,22,24.0,19.43600273785079,0.0,0,6,3,11,2,1,0,0
1958,Scotland,1,0,1500.0,11.0,0.45454545454545453,0.2727272727272727,-0.09090909090909091,1.7272727272727273,1.8181818181818181,1.6363636363636365,22,25.7,-26.351813826146476,0.18,0,6,4,10,1,1,0,0
1958,Soviet Union,4,0,0.0,,0.0,0.0,0.0,0.0,0.0,0.0,22,26.7,21.182751540041068,0.0,0,6,3,10,0,0,0,0
1958,Sweden,7,0,1500.0,9.0,0.5555555555555556,0.2222222222222222,1.2222222222222223,2.2222222222222223,1.0,1.8888888888888888,22,29.4,19.802874743326488,0.18,0,5,7,7,3,6,1,0
1958,Wales,4,0,1500.0,10.0,0.4,0.3,0.1,1.2,1.1,1.5,22,25.3,21.149897330595483,0.0,0,5,6,8,0,0,0,0
1958,West Germany,6,0,0.0,,0.0,0.0,0.0,0.0,0.0,0.0,22,27.3,19.189596167008897,0.32,0,6,6,7,1,7,0,1
1958,Yugoslavia,4,0,0.0,,0.0,0.0,0.0,0.0,0.0,0.0,22,26.0,20.580424366872005,0.36,0,7,5,7,3,5,0,0
1962,Argentina,1,0,1500.0,12.0,0.4166666666666667,0.3333333333333333,0.75,2.0833333333333335,1.3333333333333333,1.5833333333333333,22,25.8,20.238193018480494,0.09,0,8,4,8,3,7,0,0
1962,Brazil,7,1,1500.0,11.0,1.0,0.0,2.0,2.727272727272727,0.7272727272727273,3.0,22,28.0,18.967830253251197,0.95,0,8,4,8,6,7,0,1
1962,Bulgaria,1,0,1500.0,7.0,0.5714285714285714,0.0,-0.42857142857142855,1.0,1.4285714285714286,1.7142857142857142,22,25.2,19.071868583162217,0.0,0,5,5,9,0,0,0,0
1962,Chile,6,0,1500.0,10.0,0.5,0.1,1.0,2.3,1.3,1.6,22,25.8,19.994524298425734,0.0,0,8,3,8,2,1,1,0
1962,Colombia,1,0,1500.0,6.0,0.3333333333333333,0.3333333333333333,0.16666666666666666,1.0,0.8333333333333334,1.3333333333333333,22,26.2,19.928815879534564,0.0,0,7,4,9,0,0,0,0
1962,Czechoslovakia,7,0,0.0,,0.0,0.0,0.0,0.0,0.0,0.0,22,26.2,20.254620123203285,0.55,0,7,2,10,4,7,0,0
1962,England,4,0,1500.0,13.0,0.6153846153846154,0.23076923076923078,1.8461538461538463,3.076923076923077,1.2307692307692308,2.076923076923077,22,26.5,21.130732375085557,0.41,0,6,7,7,3,4,0,0
1962,Hungary,4,0,1500.0,14.0,0.5,0.2857142857142857,0.42857142857142855,1.9285714285714286,1.5,1.7857142857142858,22,25.5,20.175222450376456,0.45,0,6,4,9,4,7,0,0
1962,Italy,1,0,1500.0,8.0,0.75,0.0,1.625,3.125,1.5,2.25,22,25.2,18.781656399726216,0.05,0,6,4,9,4,7,0,0
1962,Mexico,1,0,1500.0,15.0,0.4666666666666667,0.26666666666666666,0.26666666666666666,1.4666666666666666,1.2,1.6666666666666667,22,26.7,21.281314168377822,0.55,0,6,5,8,4,1,0,0
1962,Soviet Union,4,0,0.0,,0.0,0.0,0.0,0.0,0.0,0.0,22,25.9,20.941820670773442,0.32,0,5,7,7,1,4,0,0
1962,Spain,1,0,1500.0,7.0,0.7142857142857143,0.2857142857142857,1.0,1.7142857142857142,0.7142857142857143,2.4285714285714284,22,28.0,21.155373032169745,0.09,0,9,4,6,2,4,0,0
1962,Switzerland,1,0,1500.0,5.0,0.6,0.0,-0.6,1.6,2.2,1.8,22,28.6,23.49349760438056,0.32,0,7,4,8,4,4,0,0
1962,Uruguay,1,0,1500.0,11.0,0.2727272727272727,0.36363636363636365,-0.7272727272727273,1.2727272727272727,2.0,1.1818181818181819,22,25.1,19.488021902806295,0.09,0,7,6,7,3,7,0,0
1962,West Germany,4,0,0.0,,0.0,0.0,0.0,0.0,0.0,0.0,22,25.9,20.996577686516083,0.41,0,7,6,6,2,7,0,0
1962,Yugoslavia,6,0,0.0,,0.0,0.0,0.0,0.0,0.0,0.0,22,25.8,21.215605749486652,0.23,0,7,7,5,4,5,0,0
1966,Argentina,4,0,1500.0,11.0,0.36363636363636365,0.5454545454545454,0.45454545454545453,1.1818181818181819,0.7272727272727273,1.6363636363636365,22,26.7,19.698836413415467,0.32,0,4,8,7,4,7,0,0
1966,Brazil,1,0,1500.0,20.0,0.7,0.25,1.25,2.2,0.95,2.35,22,26.8,16.928131416837783,0.68,0,8,6,6,7,7,0,1
1966,Bulgaria,1,0,1500.0,11.0,0.6363636363636364,0.18181818181818182,0.45454545454545453,2.1818181818181817,1.7272727272727273,2.090909090909091,22,26.7,20.20807665982204,0.36,0,7,5,7,1,1,0,0
1966,Chile,1,0,1500.0,20.0,0.35,0.25,0.15,1.4,1.25,1.3,22,25.9,19.709787816564,0.41,0,6,8,6,3,6,0,0
1966,England,7,1,1500.0,17.0,0.7058823529411765,0.23529411764705882,1.1764705882352942,1.9411764705882353,0.7647058823529411,2.3529411764705883,22,27.2,21.163586584531142,0.5,0,7,7,5,4,4,1,0
1966,France,1,0,1500.0,9.0,0.3333333333333333,0.3333333333333333,0.0,1.1111111111111112,1.1111111111111112,1.3333333333333333,22,26.3,20.89801505817933,0.0,0,8,5,6,5,6,0,0
1966,Hungary,4,0,1500.0,10.0,0.5,0.2,0.3,1.7,1.4,1.7,22,26.5,21.522245037645447,0.73,0,6,5,8,5,7,0,0
1966,Italy,1,0,1500.0,14.0,0.5714285714285714,0.2857142857142857,1.7857142857142858,2.4285714285714284,0.6428571428571429,2.0,22,25.9,22.442162902121833,0.27,0,7,6,6,5,7,0,0
1966,Mexico,1,0,1500.0,19.0,0.6842105263157895,0.21052631578947367,1.4736842105263157,2.3157894736842106,0.8421052631578947,2.263157894736842,22,25.6,20.528405201916495,0.55,0,6,6,7,5,1,0,0
1966,North Korea,4,0,1500.0,7.0,1.0,0.0,3.0,3.2857142857142856,0.2857142857142857,3.0,22,22.9,19.520876112251884,0.0,0,7,7,6,0,0,0,0
1966,Portugal,6,0,1500.0,12.0,0.75,0.16666666666666666,1.3333333333333333,1.75,0.4166666666666667,2.4166666666666665,22,27.6,22.573579739904176,0.0,0,6,8,5,0,0,0,0
1966,Soviet Union,6,0,0.0,,0.0,0.0,0.0,0.0,0.0,0.0,22,26.4,20.37782340862423,0.5,0,6,6,7,2,4,0,0
1966,Spain,1,0,1500.0,6.0,0.3333333333333333,0.3333333333333333,0.16666666666666666,1.0,0.8333333333333334,1.3333333333333333,22,26.9,20.459958932238195,0.32,0,6,8,5,3,4,0,0
1966,Switzerland,1,0,1500.0,9.0,0.3333333333333333,0.4444444444444444,0.1111111111111111,1.0,0.8888888888888888,1.4444444444444444,22,27.2,20.503764544832308,0.23,0,6,8,5,5,4,0,0
1966,Uruguay,4,0,1500.0,16.0,0.4375,0.25,0.375,1.625,1.25,1.5625,22,26.5,20.16700889801506,0.45,0,8,6,5,4,7,0,0
1966,West Germany,7,0,0.0,,0.0,0.0,0.0,0.0,0.0,0.0,22,25.6,20.829568788501028,0.36,0,8,4,7,3,7,0,0
1970,Belgium,1,0,1500.0,6.0,0.3333333333333333,0.16666666666666666,-0.6666666666666666,1.0,1.6666666666666667,1.1666666666666667,22,26.3,22.65571526351814,0.0,0,5,8,6,4,3,0,0
1970,Brazil,7,1,1500.0,18.0,0.7777777777777778,0.16666666666666666,1.7222222222222223,2.6666666666666665,0.9444444444444444,2.5,22,25.0,19.312799452429843,0.36,0,8,5,6,8,7,0,0
1970,Bulgaria,1,0,1500.0,16.0,0.25,0.4375,-0.1875,1.375,1.5625,1.1875,22,26.3,22.61738535249829,0.68,0,8,5,6,2,1,0,0
1970,Czechoslovakia,1,0,0.0,,0.0,0.0,0.0,0.0,0.0,0.0,22,25.5,19.874058863791923,0.09,0,7,6,6,5,7,0,0
1970,El Salvador,1,0,1500.0,15.0,0.5333333333333333,0.0,-0.13333333333333333,1.4666666666666666,1.6,1.6,22,25.5,21.420944558521562,0.0,0,6,7,6,0,0,0,0
1970,England,4,0,1500.0,19.0,0.631578947368421,0.3157894736842105,1.4210526315789473,2.0,0.5789473684210527,2.210526315789474,22,27.6,22.757015742642025,0.59,0,8,6,5,5,7,0,1
1970,Israel,1,0,1500.0,9.0,0.4444444444444444,0.3333333333333333,0.8888888888888888,2.0,1.1111111111111112,1.6666666666666667,22,24.7,21.744010951403148,0.0,0,6,7,6,0,0,0,0
1970,Italy,7,0,1500.0,8.0,0.5,0.5,1.0,2.125,1.125,2.0,22,27.3,23.457905544147845,0.41,0,8,6,5,6,7,0,0
1970,Mexico,4,0,1500.0,20.0,0.4,0.3,0.35,1.35,1.0,1.5,22,26.9,21.7056810403833,0.5,0,7,6,6,6,1,1,0
1970,Morocco,1,0,1500.0,15.0,0.3333333333333333,0.26666666666666666,0.06666666666666667,1.0666666666666667,1.0,1.2666666666666666,19,25.2,21.409993155373034,0.0,0,6,6,4,0,0,0,0
1970,Peru,4,0,1500.0,20.0,0.45,0.2,0.1,1.45,1.35,1.55,22,26.4,21.034907597535934,0.0,0,6,7,6,1,1,0,0
1970,Romania,1,0,1500.0,11.0,0.18181818181818182,0.6363636363636364,-0.09090909090909091,0.8181818181818182,0.9090909090909091,1.1818181818181819,22,25.4,20.407939767282684,0.0,0,8,6,5,3,3,0,0
1970,Soviet Union,4,0,0.0,,0.0,0.0,0.0,0.0,0.0,0.0,22,27.1,21.333333333333332,0.59,0,7,5,7,3,6,0,0
1970,Sweden,1,0,1500.0,14.0,0.7857142857142857,0.07142857142857142,1.1428571428571428,1.9285714285714286,0.7857142857142857,2.4285714285714284,22,26.6,21.270362765229294,0.0,0,7,9,3,4,7,0,0
1970,Uruguay,6,0,1500.0,10.0,0.6,0.1,0.6,1.2,0.6,1.9,22,25.9,19.956194387405887,0.41,0,7,6,6,5,7,0,0
1970,West Germany,6,0,0.0,,0.0,0.0,0.0,0.0,0.0,0.0,22,27.7,23.416837782340863,0.91,0,7,5,7,4,7,0,0
1974,Argentina,2,0,1500.0,16.0,0.5,0.3125,0.375,1.875,1.5,1.8125,22,26.7,19.912388774811774,0.05,0,7,7,5,5,7,0,0
1974,Australia,1,0,1500.0,16.0,0.375,0.375,0.4375,1.6875,1.25,1.5,22,27.5,23.066392881587955,0.0,0,7,8,4,0,0,0,0
1974,Brazil,6,0,1500.0,19.0,0.6842105263157895,0.21052631578947367,1.1578947368421053,1.6842105263157894,0.5263157894736842,2.263157894736842,22,26.2,21.99315537303217,0.45,0,7,6,6,9,7,0,1
1974,Bulgaria,1,0,1500.0,20.0,0.5,0.15,0.5,1.85,1.35,1.65,22,26.1,21.763175906913073,0.5,0,6,6,7,3,1,0,0
1974,Chile,1,0,1500.0,15.0,0.5333333333333333,0.26666666666666666,1.1333333333333333,2.1333333333333333,1.0,1.8666666666666667,22,27.8,22.68583162217659,0.18,0,8,6,5,4,6,0,0
1974,East Germany,2,0,0.0,,0.0,0.0,0.0,0.0,0.0,0.0,22,26.4,19.227926078028748,0.0,0,6,7,6,0,0,0,0
1974,Haiti,1,0,1500.0,20.0,0.5,0.15,0.2,1.1,0.9,1.65,22,26.2,22.677618069815196,0.0,0,8,6,5,0,0,0,0
1974,Italy,1,0,1500.0,10.0,0.7,0.3,1.5,1.5,0.0,2.4,22,28.8,24.095824777549623,0.77,0,7,7,5,7,7,0,0
1974,Netherlands,7,0,1500.0,10.0,0.5,0.4,1.6,2.4,0.8,1.9,22,27.1,22.401095140314855,0.0,0,8,8,3,2,3,0,0
1974,Poland,6,0,1500.0,20.0,0.6,0.2,1.05,1.75,0.7,2.0,22,24.7,19.515400410677618,0.0,0,6,5,8,1,3,0,0
1974,Scotland,1,0,1500.0,15.0,0.3333333333333333,0.06666666666666667,-0.3333333333333333,0.9333333333333333,1.2666666666666666,1.0666666666666667,22,26.2,20.262833675564682,0.0,0,8,6,5,2,1,0,0
1974,Sweden,2,0,1500.0,14.0,0.5714285714285714,0.2857142857142857,0.35714285714285715,1.3571428571428572,1.0,2.0,22,27.9,21.352498288843258,0.45,0,6,10,3,5,7,0,0
1974,Uruguay,1,0,1500.0,14.0,0.5,0.35714285714285715,0.7857142857142857,1.4285714285714286,0.6428571428571429,1.8571428571428572,22,26.8,19.794661190965094,0.55,0,8,6,5,6,7,0,0
1974,West Germany,7,1,0.0,,0.0,0.0,0.0,0.0,0.0,0.0,22,27.2,22.206707734428473,0.55,0,7,7,5,5,7,1,0
1974,Yugoslavia,2,0,0.0,,0.0,0.0,0.0,0.0,0.0,0.0,22,25.7,18.951403148528406,0.0,0,5,7,7,5,6,0,0
1974,Zaire,1,0,0.0,,0.0,0.0,0.0,0.0,0.0,0.0,22,25.9,22.45311430527036,0.0,0,6,8,5,0,0,0,0
1978,Argentina,7,1,1500.0,17.0,0.5882352941176471,0.23529411764705882,0.8235294117647058,1.7647058823529411,0.9411764705882353,2.0,22,26.2,22.494182067077343,0.14,0,6,8,5,6,7,1,0
1978,Austria,2,0,1500.0,14.0,0.5714285714285714,0.2857142857142857,1.1428571428571428,1.6428571428571428,0.5,2.0,22,26.8,21.32785763175907,0.0,0,7,7,5,3,6,0,0
1978,Brazil,6,0,1500.0,19.0,0.5789473684210527,0.3684210526315789,1.4736842105263157,1.8421052631578947,0.3684210526315789,2.1052631578947367,22,25.5,21.232032854209447,0.32,0,8,5,6,10,7,0,0
1978,France,1,0,1500.0,13.0,0.6153846153846154,0.3076923076923077,1.0769230769230769,1.6153846153846154,0.5384615384615384,2.1538461538461537,22,26.3,21.22108145106092,0.0,0,7,8,4,6,6,0,0
1978,Hungary,1,0,1500.0,17.0,0.5882352941176471,0.17647058823529413,0.6470588235294118,2.1176470588235294,1.4705882352941178,1.9411764705882353,22,26.9,22.663928815879533,0.0,0,6,7,6,6,7,0,0
1978,Iran,1,0,1500.0,20.0,0.4,0.35,0.35,1.1,0.75,1.55,22,25.6,21.76865160848734,0.0,0,6,6,7,0,0,0,0
1978,Italy,6,0,1500.0,11.0,0.45454545454545453,0.18181818181818182,0.7272727272727273,1.8181818181818181,1.0909090909090908,1.5454545454545454,22,26.4,20.646132785763175,0.27,0,7,8,4,8,7,0,0
1978,Mexico,1,0,1500.0,16.0,0.625,0.1875,1.5,2.5,1.0,2.0625,22,24.2,19.21697467488022,0.0,0,8,6,6,7,4,0,0
1978,Netherlands,7,0,1500.0,9.0,0.8888888888888888,0.1111111111111111,1.6666666666666667,1.8888888888888888,0.2222222222222222,2.7777777777777777,22,28.2,20.59958932238193,0.55,0,8,7,4,3,7,0,0
1978,Peru,2,0,1500.0,18.0,0.3888888888888889,0.2777777777777778,0.2777777777777778,1.6111111111111112,1.3333333333333333,1.4444444444444444,22,27.0,21.639972621492127,0.14,0,6,8,5,2,4,0,0
1978,Poland,2,0,1500.0,17.0,0.5882352941176471,0.11764705882352941,0.5882352941176471,2.0,1.411764705882353,1.8823529411764706,22,26.3,18.55715263518138,0.41,0,8,6,5,2,6,0,0
1978,Scotland,1,0,1500.0,14.0,0.5,0.2857142857142857,0.6428571428571429,1.5714285714285714,0.9285714285714286,1.7857142857142858,22,27.9,23.326488706365502,0.27,0,7,6,6,3,1,0,0
1978,Spain,1,0,1500.0,10.0,0.7,0.2,1.0,1.4,0.4,2.3,22,27.2,22.595482546201232,0.05,0,8,5,6,4,4,0,0
1978,Sweden,1,0,1500.0,13.0,0.46153846153846156,0.07692307692307693,-0.15384615384615385,1.0,1.1538461538461537,1.4615384615384615,22,27.3,20.10677618069815,0.5,0,6,6,7,6,7,0,0
1978,Tunisia,1,0,1500.0,20.0,0.35,0.2,-0.1,1.3,1.4,1.25,22,25.7,21.43463381245722,0.0,0,6,5,8,0,0,0,0
1978,West Germany,2,0,0.0,,0.0,0.0,0.0,0.0,0.0,0.0,22,27.3,20.84599589322382,0.45,0,5,7,7,6,7,0,1
1982,Algeria,1,0,1500.0,18.0,0.5555555555555556,0.2222222222222222,1.0,1.8333333333333333,0.8333333333333334,1.8888888888888888,22,26.9,22.132785763175907,0.0,0,6,7,6,0,0,0,0
1982,Argentina,2,0,1500.0,10.0,0.4,0.5,0.7,1.5,0.8,1.7,22,27.2,21.61806981519507,0.59,0,7,6,6,7,7,0,1
1982,Austria,2,0,1500.0,9.0,0.5555555555555556,0.2222222222222222,0.5555555555555556,1.5555555555555556,1.0,1.8888888888888888,22,27.1,20.698151950718685,0.45,0,8,6,5,4,6,0,0
1982,Belgium,2,0,1500.0,10.0,0.6,0.0,0.3,1.6,1.3,1.8,22,27.6,21.87542778918549,0.05,0,7,7,5,5,3,0,0
1982,Brazil,2,0,1500.0,20.0,0.75,0.2,1.75,2.35,0.6,2.45,22,27.0,23.241615331964407,0.5,0,8,8,3,11,7,0,0
1982,Cameroon,1,0,1500.0,17.0,0.47058823529411764,0.4117647058823529,1.0588235294117647,1.8235294117647058,0.7647058823529411,1.8235294117647058,22,27.3,20.079397672826833,0.0,0,7,7,5,0,0,0,0
1982,Chile,1,0,1500.0,16.0,0.5625,0.25,0.6875,1.25,0.5625,1.9375,22,28.0,21.39356605065024,0.18,0,8,6,5,5,6,0,0
1982,Czechoslovakia,1,0,0.0,,0.0,0.0,0.0,0.0,0.0,0.0,22,28.2,23.110198494182068,0.0,0,7,6,6,6,7,0,0
1982,El Salvador,1,0,1500.0,11.0,0.45454545454545453,0.45454545454545453,0.6363636363636364,1.0,0.36363636363636365,1.8181818181818181,20,26.6,20.777549623545518,0.0,0,7,5,5,1,1,0,0
1982,England,2,0,1500.0,15.0,0.4666666666666667,0.2,0.6,1.3333333333333333,0.7333333333333333,1.6,22,28.6,23.457905544147845,0.0,0,7,7,5,6,7,0,0
1982,France,6,0,1500.0,12.0,0.4166666666666667,0.0,0.3333333333333333,1.5,1.1666666666666667,1.25,22,27.1,20.249144421629023,0.45,0,7,6,6,7,6,0,0
1982,Honduras,1,0,1500.0,10.0,0.5,0.4,1.2,1.7,0.5,1.9,22,27.4,22.494182067077343,0.0,0,7,7,5,0,0,0,0
1982,Hungary,1,0,1500.0,13.0,0.5384615384615384,0.15384615384615385,0.6153846153846154,1.7692307692307692,1.1538461538461537,1.7692307692307692,22,28.0,21.67008898015058,0.41,0,9,3,7,7,7,0,0
1982,Italy,7,1,1500.0,11.0,0.18181818181818182,0.45454545454545453,-0.45454545454545453,0.8181818181818182,1.2727272727272727,1.0,22,27.3,18.47501711156742,0.59,0,7,7,5,9,7,0,0
1982,Kuwait,1,0,1500.0,15.0,0.7333333333333333,0.13333333333333333,1.3333333333333333,1.8666666666666667,0.5333333333333333,2.3333333333333335,22,25.0,19.523613963039015,0.0,0,8,4,7,0,0,0,0
1982,New Zealand,1,0,1500.0,20.0,0.5,0.3,1.45,2.05,0.6,1.8,22,26.5,19.45516769336071,0.0,0,8,9,2,0,0,0,0
1982,Northern Ireland,2,0,1500.0,10.0,0.2,0.3,-1.2,0.4,1.6,0.9,22,27.6,17.100616016427104,0.0,0,6,6,7,1,4,0,0
1982,Peru,1,0,1500.0,14.0,0.42857142857142855,0.21428571428571427,0.0,1.1428571428571428,1.1428571428571428,1.5,22,28.0,20.588637919233403,0.5,0,5,9,5,3,4,0,0
1982,Poland,6,0,1500.0,9.0,0.5555555555555556,0.0,0.5555555555555556,1.8888888888888888,1.3333333333333333,1.6666666666666667,22,25.9,20.657084188911703,0.55,0,8,4,7,3,6,0,0
1982,Scotland,1,0,1500.0,14.0,0.5,0.21428571428571427,0.21428571428571427,1.0714285714285714,0.8571428571428571,1.7142857142857142,22,27.3,22.99520876112252,0.41,0,8,4,7,4,1,0,0
1982,Soviet Union,2,0,0.0,,0.0,0.0,0.0,0.0,0.0,0.0,22,25.7,19.77549623545517,0.0,0,8,7,4,4,6,0,0
1982,Spain,2,0,1500.0,15.0,0.5333333333333333,0.26666666666666666,0.6,1.4,0.8,1.8666666666666667,22,27.0,21.360711841204655,0.27,0,7,6,6,5,4,1,0
1982,West Germany,7,0,0.0,,0.0,0.0,0.0,0.0,0.0,0.0,22,26.6,21.229295003422312,0.23,0,8,6,5,7,7,0,0
1982,Yugoslavia,1,0,0.0,,0.0,0.0,0.0,0.0,0.0,0.0,22,26.4,20.813141683778234,0.14,0,7,6,6,6,6,0,0
1986,Algeria,1,0,1500.0,20.0,0.35,0.3,0.25,1.25,1.0,1.35,22,28.3,23.32101300479124,0.45,0,7,6,6,1,1,0,0
1986,Argentina,7,1,1500.0,14.0,0.35714285714285715,0.2857142857142857,0.21428571428571427,1.2857142857142858,1.0714285714285714,1.3571428571428572,22,26.9,20.438056125941138,0.27,0,7,8,4,8,7,0,0
1986,Belgium,6,0,1500.0,10.0,0.4,0.2,-0.1,0.9,1.0,1.4,22,27.4,20.2217659137577,0.36,0,7,8,4,6,3,0,0
1986,Brazil,4,0,1500.0,18.0,0.5555555555555556,0.16666666666666666,0.7777777777777778,1.7222222222222223,0.9444444444444444,1.8333333333333333,22,27.1,20.32854209445585,0.64,0,7,8,4,12,7,0,0
1986,Bulgaria,3,0,1500.0,18.0,0.5,0.16666666666666666,0.5,1.5,1.0,1.6666666666666667,22,26.2,21.689253935660506,0.0,0,5,8,7,4,1,0,0
1986,Canada,1,0,1500.0,20.0,0.4,0.3,-0.15,1.0,1.15,1.5,22,26.0,20.123203285420946,0.0,0,7,7,5,0,0,0,0
1986,Denmark,3,0,1500.0,13.0,0.38461538461538464,0.23076923076923078,0.3076923076923077,1.5384615384615385,1.2307692307692308,1.3846153846153846,22,28.0,21.065023956194388,0.0,0,6,8,5,0,0,0,0
1986,England,4,0,1500.0,18.0,0.6111111111111112,0.2222222222222222,1.2777777777777777,1.7777777777777777,0.5,2.0555555555555554,22,26.8,22.562628336755647,0.32,0,7,7,5,7,7,0,0
1986,France,6,0,1500.0,9.0,0.5555555555555556,0.2222222222222222,1.1111111111111112,1.5555555555555556,0.4444444444444444,1.8888888888888888,22,28.0,22.56810403832991,0.59,0,7,7,5,8,6,0,0
1986,Hungary,1,0,1500.0,10.0,0.8,0.0,1.5,1.9,0.4,2.4,22,27.1,20.71731690622861,0.18,0,9,6,4,8,7,0,0
1986,Iraq,1,0,1500.0,20.0,0.45,0.3,0.4,1.65,1.25,1.65,22,26.7,22.193018480492814,0.0,0,7,7,5,0,0,0,0
1986,Italy,3,0,1500.0,11.0,0.5454545454545454,0.18181818181818182,0.5454545454545454,1.3636363636363635,0.8181818181818182,1.8181818181818181,22,27.6,21.89185489390828,0.64,0,7,6,6,10,7,0,1
1986,Mexico,4,0,1500.0,20.0,0.45,0.35,0.35,1.15,0.8,1.7,22,26.5,20.019164955509925,0.09,0,6,8,5,8,4,1,0
1986,Morocco,3,0,1500.0,18.0,0.3333333333333333,0.3888888888888889,0.2777777777777778,0.7777777777777778,0.5,1.3888888888888888,22,26.6,20.720054757015742,0.0,0,6,9,4,1,1,0,0
1986,Northern Ireland,1,0,1500.0,9.0,0.3333333333333333,0.5555555555555556,0.3333333333333333,0.6666666666666666,0.3333333333333333,1.5555555555555556,22,27.0,20.993839835728952,0.5,0,6,7,6,2,4,0,0
1986,Paraguay,3,0,1500.0,20.0,0.5,0.4,0.9,1.65,0.75,1.9,22,26.8,22.414784394250514,0.0,0,6,6,7,3,1,0,0
1986,Poland,3,0,1500.0,19.0,0.2631578947368421,0.2631578947368421,-0.5789473684210527,0.8421052631578947,1.4210526315789473,1.0526315789473684,22,26.9,22.798083504449007,0.64,0,7,6,6,4,6,0,0
1986,Portugal,1,0,1500.0,10.0,0.4,0.1,-0.1,1.4,1.5,1.3,22,27.9,20.251882272416154,0.0,0,9,7,3,1,6,0,0
1986,Scotland,1,0,1500.0,12.0,0.4166666666666667,0.3333333333333333,0.4166666666666667,0.8333333333333334,0.4166666666666667,1.5833333333333333,22,27.6,21.60438056125941,0.5,0,8,5,6,5,1,0,0
1986,South Korea,1,0,1500.0,20.0,0.65,0.05,1.25,2.0,0.75,2.0,22,26.3,20.366872005475702,0.0,0,7,7,6,1,1,0,0
1986,Soviet Union,3,0,0.0,,0.0,0.0,0.0,0.0,0.0,0.0,22,26.4,21.44558521560575,0.41,0,7,9,3,5,6,0,0
1986,Spain,4,0,1500.0,12.0,0.6666666666666666,0.25,1.0,1.5,0.5,2.25,22,26.8,21.88911704312115,0.27,0,7,8,4,6,4,0,0
1986,Uruguay,3,0,1500.0,20.0,0.5,0.2,0.4,1.5,1.1,1.7,22,26.6,21.689253935660506,0.0,0,7,7,5,7,7,0,0
1986,West Germany,7,0,0.0,,0.0,0.0,0.0,0.0,0.0,0.0,22,28.2,20.082135523613964,0.41,0,8,6,5,8,7,0,0
1990,Argentina,7,0,1484.0,16.0,0.1875,0.5,-0.3125,0.5625,0.875,1.0625,22,27.6,22.10814510609172,0.5,0,9,6,4,9,7,0,1
1990,Austria,1,0,1552.6,15.0,0.4,0.3333333333333333,0.13333333333333333,1.3333333333333333,1.2,1.5333333333333334,22,25.2,21.144421629021217,0.05,0,7,7,5,5,6,0,0
1990,Belgium,3,0,1508.8,14.0,0.5,0.42857142857142855,1.1428571428571428,1.8571428571428572,0.7142857142857143,1.9285714285714286,22,27.3,21.28952772073922,0.59,0,8,8,3,7,6,0,0
1990,Brazil,3,0,1502.0,20.0,0.6,0.25,0.95,1.55,0.6,2.05,22,26.7,20.739219712525667,0.32,0,8,6,5,13,7,0,0
1990,Cameroon,4,0,1462.1,18.0,0.5555555555555556,0.16666666666666666,0.2777777777777778,1.1666666666666667,0.8888888888888888,1.8333333333333333,22,27.2,20.93908281998631,0.18,0,8,7,4,1,1,0,0
1990,Colombia,3,0,1477.2,20.0,0.35,0.4,0.2,1.05,0.85,1.45,22,26.4,20.407939767282684,0.0,0,9,7,4,1,1,0,0
1990,Costa Rica,3,0,1429.6,16.0,0.375,0.125,-0.1875,1.125,1.3125,1.25,22,26.7,19.83299110198494,0.0,0,8,8,3,0,0,0,0
1990,Czechoslovakia,4,0,0.0,,0.0,0.0,0.0,0.0,0.0,0.0,22,27.7,23.367556468172484,0.0,0,6,8,5,7,7,0,0
1990,Egypt,1,0,1396.6,20.0,0.35,0.3,-0.05,0.75,0.8,1.35,22,27.3,21.245722108145106,0.0,0,6,9,4,1,3,0,0
1990,England,6,0,1531.3,16.0,0.5625,0.375,1.0625,1.5625,0.5,2.0625,22,28.1,23.033538672142367,0.64,0,7,9,3,8,7,0,0
1990,Italy,6,0,1517.5,14.0,0.5,0.35714285714285715,0.8571428571428571,1.0714285714285714,0.21428571428571427,1.8571428571428572,22,27.0,21.949349760438057,0.45,0,7,6,6,11,7,1,0
1990,Netherlands,3,0,1492.6,12.0,0.5,0.25,0.6666666666666666,1.5,0.8333333333333334,1.75,22,27.2,20.317590691307323,0.0,0,6,7,6,4,7,0,0
1990,Republic of Ireland,4,0,0.0,,0.0,0.0,0.0,0.0,0.0,0.0,22,28.9,21.38261464750171,0.0,0,7,6,7,0,0,0,0
1990,Romania,3,0,1530.0,15.0,0.4,0.3333333333333333,0.2,1.2666666666666666,1.0666666666666667,1.5333333333333334,22,26.1,20.227241615331966,0.0,0,6,8,5,4,3,0,0
1990,Scotland,1,0,1488.5,14.0,0.42857142857142855,0.14285714285714285,-0.2857142857142857,1.1428571428571428,1.4285714285714286,1.4285714285714286,22,27.6,22.351813826146476,0.45,0,8,6,5,6,1,0,0
1990,South Korea,1,0,1501.8,20.0,0.6,0.25,1.4,1.95,0.55,2.05,22,27.4,21.16084873374401,0.41,0,8,5,6,2,1,0,0
1990,Soviet Union,1,0,0.0,,0.0,0.0,0.0,0.0,0.0,0.0,22,28.2,21.34428473648186,0.73,0,7,9,3,6,6,0,0
1990,Spain,3,0,1516.2,12.0,0.75,0.08333333333333333,1.5,2.0833333333333335,0.5833333333333334,2.3333333333333335,22,26.3,21.724845995893222,0.27,0,7,8,4,7,4,0,0
1990,Sweden,1,0,1557.2,15.0,0.6,0.2,0.7333333333333333,1.9333333333333333,1.2,2.0,22,25.5,20.522929500342233,0.0,0,6,9,4,7,7,0,0
1990,United Arab Emirates,1,0,1392.7,20.0,0.3,0.4,-0.2,1.1,1.3,1.3,22,25.4,20.70362765229295,0.0,0,8,6,5,0,0,0,0
1990,United States,1,0,1509.9,20.0,0.45,0.15,0.15,1.25,1.1,1.5,22,24.1,19.49075975359343,0.0,0,8,6,5,3,5,0,0
1990,Uruguay,3,0,1539.8,20.0,0.5,0.2,0.8,1.55,0.75,1.7,22,27.2,20.733744010951405,0.27,0,6,8,5,8,7,0,0
1990,West Germany,7,1,0.0,,0.0,0.0,0.0,0.0,0.0,0.0,22,27.7,22.765229295003422,0.41,0,8,7,4,9,7,0,0
1990,Yugoslavia,4,0,0.0,,0.0,0.0,0.0,0.0,0.0,0.0,22,26.3,20.37782340862423,0.09,0,7,8,4,7,6,0,0
1994,Argentina,3,0,1737.7,20.0,0.4,0.4,0.15,1.25,1.1,1.6,22,27.9,20.28747433264887,0.5,0,7,8,4,10,7,0,0
1994,Belgium,3,0,1597.8,8.0,0.5,0.125,0.625,1.5,0.875,1.625,22,29.4,22.872005475701574,0.73,0,8,7,4,8,6,0,0
1994,Bolivia,1,0,1522.8,20.0,0.3,0.35,-0.1,1.1,1.2,1.25,22,27.6,20.407939767282684,0.0,0,7,9,3,2,1,0,0
1994,Brazil,7,1,1806.6,20.0,0.6,0.25,1.75,2.45,0.7,2.05,22,27.8,17.744010951403148,0.55,0,7,7,5,14,7,0,0
1994,Bulgaria,6,0,1609.1,13.0,0.3076923076923077,0.46153846153846156,0.15384615384615385,1.5384615384615385,1.3846153846153846,1.3846153846153846,22,28.3,23.808350444900753,0.09,0,6,7,7,5,3,0,0
1994,Cameroon,1,0,1693.7,20.0,0.35,0.5,0.6,1.2,0.6,1.55,22,27.5,17.960301163586585,0.68,0,7,6,6,2,4,0,0
1994,Colombia,1,0,1821.9,20.0,0.6,0.35,1.15,1.5,0.35,2.15,22,27.4,22.21492128678987,0.36,0,7,7,5,2,3,0,0
1994,Germany,4,0,1795.9,17.0,0.7058823529411765,0.17647058823529413,1.5294117647058822,2.5294117647058822,1.0,2.2941176470588234,22,29.0,25.00479123887748,0.77,0,6,8,5,2,6,0,0
1994,Greece,1,0,1591.7,13.0,0.38461538461538464,0.3076923076923077,-0.07692307692307693,1.1538461538461537,1.2307692307692308,1.4615384615384615,22,29.0,21.00205338809035,0.0,0,7,8,4,0,0,0,0
1994,Italy,7,0,1798.6,14.0,0.7857142857142857,0.0,1.3571428571428572,1.9285714285714286,0.5714285714285714,2.357142857142857,22,27.9,22.817248459958932,0.36,0,8,6,5,12,7,0,0
1994,Mexico,3,0,1774.5,20.0,0.45,0.35,1.05,1.95,0.9,1.7,22,28.2,24.531143052703626,0.14,0,5,8,6,9,4,0,0
1994,Morocco,1,0,1713.3,20.0,0.55,0.3,0.75,1.4,0.65,1.95,22,26.7,21.322381930184804,0.05,0,6,8,5,2,3,0,0
1994,Netherlands,4,0,1772.6,13.0,0.6923076923076923,0.23076923076923078,2.3076923076923075,3.0,0.6923076923076923,2.3076923076923075,22,27.4,21.218343600273784,0.27,0,7,6,6,5,7,0,0
1994,Nigeria,3,0,1777.8,20.0,0.45,0.3,1.0,1.9,0.9,1.65,22,26.1,19.756331279945243,0.0,0,8,6,5,0,0,0,0
1994,Norway,1,0,1690.3,17.0,0.5294117647058824,0.29411764705882354,1.1764705882352942,1.8235294117647058,0.6470588235294118,1.8823529411764706,22,26.9,21.51403148528405,0.0,0,9,5,5,1,3,0,0
1994,Republic of Ireland,3,0,0.0,,0.0,0.0,0.0,0.0,0.0,0.0,22,29.1,19.939767282683093,0.55,0,8,7,5,1,4,0,0
1994,Romania,4,0,1723.2,17.0,0.6470588235294118,0.17647058823529413,0.6470588235294118,1.6470588235294117,1.0,2.1176470588235294,22,25.2,20.78028747433265,0.27,0,6,8,5,5,3,0,0
1994,Russia,1,0,1673.7,18.0,0.5,0.3333333333333333,0.6666666666666666,1.6666666666666667,1.0,1.8333333333333333,22,26.3,20.210814510609172,0.09,0,7,9,4,0,0,0,0
1994,Saudi Arabia,3,0,1686.8,20.0,0.4,0.3,0.05,1.4,1.35,1.5,22,24.2,20.58590006844627,0.0,0,8,6,5,0,0,0,0
1994,South Korea,1,0,1707.8,20.0,0.4,0.3,0.85,1.8,0.95,1.5,22,27.1,20.87337440109514,0.32,0,8,8,3,3,1,0,0
1994,Spain,4,0,1757.1,14.0,0.6428571428571429,0.21428571428571427,1.2857142857142858,2.0714285714285716,0.7857142857142857,2.142857142857143,22,26.7,20.44079397672827,0.32,0,8,7,4,8,4,0,0
1994,Sweden,6,0,1731.6,17.0,0.47058823529411764,0.29411764705882354,0.7647058823529411,1.6470588235294117,0.8823529411764706,1.7058823529411764,22,25.7,20.361396303901437,0.41,0,8,7,4,8,7,0,0
1994,Switzerland,3,0,1748.6,16.0,0.5625,0.3125,1.0625,1.625,0.5625,2.0,22,28.4,22.973305954825463,0.0,0,7,8,4,6,4,0,0
1994,United States,3,0,1605.3,20.0,0.35,0.4,0.45,1.5,1.05,1.45,22,26.8,20.908966461327857,0.27,0,7,7,5,4,5,1,0
1998,Argentina,4,0,1839.5,20.0,0.65,0.2,1.05,1.65,0.6,2.15,22,26.5,22.392881587953458,0.36,0,7,7,5,11,7,0,0
1998,Austria,1,0,1675.1,12.0,0.6666666666666666,0.0,1.0,2.0,1.0,2.0,22,29.8,23.731690622861056,0.27,0,5,10,4,6,6,0,0
1998,Belgium,1,0,1745.5,16.0,0.5,0.25,0.4375,1.625,1.1875,1.75,22,29.8,19.93429158110883,0.77,0,8,6,5,9,6,0,0
1998,Brazil,7,0,2067.3,20.0,0.75,0.15,1.65,2.2,0.55,2.4,22,27.8,20.79397672826831,0.5,0,7,9,3,15,7,0,1
1998,Bulgaria,1,0,1721.3,11.0,0.6363636363636364,0.09090909090909091,0.8181818181818182,1.8181818181818181,1.0,2.0,22,28.2,21.144421629021217,0.41,0,6,9,5,6,6,0,0
1998,Cameroon,1,0,1656.2,20.0,0.45,0.25,0.2,1.2,1.0,1.6,22,23.7,17.251197809719372,0.32,0,7,6,6,3,4,0,0
1998,Chile,3,0,1763.7,20.0,0.45,0.25,0.6,1.6,1.0,1.6,22,27.1,20.659822039698838,0.0,0,8,7,4,6,6,0,0
1998,Colombia,1,0,1653.6,20.0,0.2,0.35,-0.3,1.05,1.35,0.95,22,28.1,21.117043121149898,0.59,0,6,7,6,3,3,0,0
1998,Croatia,6,0,1817.5,15.0,0.4666666666666667,0.4,1.0,2.3333333333333335,1.3333333333333333,1.8,22,28.0,19.40041067761807,0.14,0,7,8,4,0,0,0,0
1998,Denmark,4,0,1747.1,10.0,0.4,0.2,0.0,1.2,1.2,1.4,22,29.4,22.677618069815196,0.05,0,8,7,4,1,3,0,0
1998,England,3,0,1917.5,17.0,0.5882352941176471,0.23529411764705882,0.9411764705882353,1.2941176470588236,0.35294117647058826,2.0,22,28.1,18.48870636550308,0.05,0,7,8,4,9,7,0,0
1998,France,7,1,1923.5,15.0,0.5333333333333333,0.3333333333333333,0.4666666666666667,1.3333333333333333,0.8666666666666667,1.9333333333333333,22,27.3,20.65160848733744,0.0,0,6,9,4,9,6,1,0
1998,Germany,4,0,1988.3,17.0,0.7058823529411765,0.23529411764705882,1.6470588235294117,2.235294117647059,0.5882352941176471,2.3529411764705883,22,30.2,24.265571526351813,0.91,0,10,5,4,3,6,0,0
1998,Iran,1,0,1717.9,20.0,0.25,0.4,-0.05,1.25,1.3,1.15,22,27.3,20.878850102669404,0.0,0,8,7,4,1,1,0,0
1998,Italy,4,0,1868.9,15.0,0.4666666666666667,0.4,0.8,1.4666666666666666,0.6666666666666666,1.8,22,27.5,20.36413415468857,0.55,0,7,7,5,13,7,0,0
1998,Jamaica,1,0,1701.3,20.0,0.25,0.5,0.2,0.95,0.75,1.25,22,26.5,19.707049965776864,0.0,0,7,6,6,0,0,0,0
1998,Japan,1,0,1807.3,20.0,0.35,0.35,0.45,1.7,1.25,1.4,22,25.9,18.702258726899384,0.0,0,7,8,4,0,0,0,0
1998,Mexico,3,0,1854.6,20.0,0.45,0.35,0.85,2.0,1.15,1.7,22,27.2,21.872689938398356,0.27,0,5,9,5,10,4,0,0
1998,Morocco,1,0,1781.3,20.0,0.65,0.15,1.15,1.75,0.6,2.1,22,26.8,21.39356605065024,0.32,0,9,6,4,3,3,0,0
1998,Netherlands,6,0,1860.5,13.0,0.6923076923076923,0.15384615384615385,2.0,2.6153846153846154,0.6153846153846154,2.230769230769231,22,27.0,21.817932922655714,0.45,0,6,9,4,6,7,0,0
1998,Nigeria,3,0,1653.7,15.0,0.3333333333333333,0.2,-0.4666666666666667,0.9333333333333333,1.4,1.2,22,26.5,19.78097193702943,0.55,0,8,7,4,1,3,0,0
1998,Norway,3,0,1864.9,17.0,0.5882352941176471,0.29411764705882354,1.6470588235294117,2.4705882352941178,0.8235294117647058,2.0588235294117645,22,28.1,20.50650239561944,0.5,0,8,6,5,2,3,0,0
1998,Paraguay,3,0,1600.8,20.0,0.2,0.25,-0.5,1.05,1.55,0.85,22,26.8,21.22108145106092,0.0,0,8,6,5,4,3,0,0
1998,Romania,3,0,1778.1,14.0,0.7142857142857143,0.21428571428571427,2.2142857142857144,3.0,0.7857142857142857,2.357142857142857,22,28.5,23.274469541409992,0.73,0,6,8,5,6,4,0,0
1998,Saudi Arabia,1,0,1778.6,20.0,0.35,0.35,-0.45,0.85,1.3,1.4,22,25.6,21.377138945927445,0.5,0,6,8,5,1,3,0,0
1998,Scotland,1,0,1670.5,13.0,0.46153846153846156,0.23076923076923078,0.5384615384615384,1.3076923076923077,0.7692307692307693,1.6153846153846154,22,29.8,23.523613963039015,0.23,0,8,6,5,7,1,0,0
1998,South Africa,1,0,1700.6,20.0,0.25,0.25,-0.3,1.25,1.55,1.0,23,26.2,20.50650239561944,0.0,0,6,7,6,0,0,0,0
1998,South Korea,1,0,1852.9,20.0,0.45,0.35,0.45,1.45,1.0,1.7,22,26.2,19.11567419575633,0.41,0,9,6,5,4,1,0,0
1998,Spain,1,0,1948.9,11.0,0.7272727272727273,0.18181818181818182,1.7272727272727273,2.272727272727273,0.5454545454545454,2.3636363636363638,22,27.2,20.761122518822724,0.64,0,9,5,5,9,4,0,0
1998,Tunisia,1,0,1697.5,20.0,0.6,0.15,0.8,1.7,0.9,1.95,22,26.4,21.371663244353183,0.0,0,7,7,5,1,1,0,0
1998,United States,1,0,1793.5,20.0,0.5,0.3,0.6,1.3,0.7,1.8,22,28.8,23.8466803559206,0.77,0,7,8,4,5,5,0,0
1998,Yugoslavia,3,0,0.0,,0.0,0.0,0.0,0.0,0.0,0.0,22,28.2,19.745379876796715,0.14,0,7,9,4,8,6,0,0
2002,Argentina,1,0,2007.0,13.0,0.6153846153846154,0.38461538461538464,1.3076923076923077,2.1538461538461537,0.8461538461538461,2.230769230769231,23,28.8,22.573579739904176,0.83,0,7,9,4,12,7,0,0
2002,Belgium,3,0,1849.4,15.0,0.6,0.26666666666666666,1.1333333333333333,2.0,0.8666666666666667,2.066666666666667,23,29.4,23.808350444900753,0.52,0,7,8,5,10,6,0,0
2002,Brazil,7,1,1860.5,20.0,0.6,0.05,1.3,2.1,0.8,1.85,23,26.7,20.10677618069815,0.35,0,8,8,4,16,7,0,0
2002,Cameroon,1,0,1894.2,20.0,0.45,0.35,0.45,1.2,0.75,1.7,23,25.4,18.28062970568104,0.74,0,7,8,5,4,4,0,0
2002,China,1,0,1805.2,20.0,0.65,0.2,1.6,2.15,0.55,2.15,23,26.7,20.303901437371664,0.0,0,8,8,4,0,0,0,0
2002,Costa Rica,1,0,1825.1,20.0,0.55,0.2,0.55,1.45,0.9,1.85,23,27.5,20.632443531827516,0.04,0,9,5,6,1,3,0,0
2002,Croatia,1,0,1858.9,15.0,0.5333333333333333,0.4,1.0666666666666667,1.6,0.5333333333333333,2.0,23,28.1,22.32991101984942,0.57,0,8,6,6,1,6,0,0
2002,Denmark,3,0,1878.6,15.0,0.6666666666666666,0.2,1.2666666666666666,2.0,0.7333333333333333,2.2,23,28.0,21.642710472279262,0.3,0,7,9,4,2,4,0,0
2002,Ecuador,1,0,1731.8,20.0,0.4,0.3,0.35,1.05,0.7,1.5,23,27.9,20.465434633812457,0.0,0,7,7,6,0,0,0,0
2002,England,4,0,1895.9,15.0,0.5333333333333333,0.3333333333333333,1.2666666666666666,2.2,0.9333333333333333,1.9333333333333333,23,27.2,20.55852156057495,0.48,0,8,7,5,10,7,0,0
2002,France,1,0,2087.2,18.0,0.6666666666666666,0.1111111111111111,1.5555555555555556,2.2777777777777777,0.7222222222222222,2.111111111111111,23,28.8,20.799452429842574,0.61,0,8,7,5,10,7,0,1
2002,Germany,7,0,1852.5,17.0,0.5882352941176471,0.17647058823529413,1.4705882352941178,2.764705882352941,1.2941176470588236,1.9411764705882353,23,28.1,21.56605065023956,0.3,0,6,9,5,4,6,0,0
2002,Italy,3,0,1978.4,13.0,0.6153846153846154,0.23076923076923078,0.7692307692307693,1.3076923076923077,0.5384615384615384,2.076923076923077,23,28.2,24.33675564681725,0.52,0,8,6,6,14,7,0,0
2002,Japan,3,0,1905.7,20.0,0.45,0.3,0.2,1.2,1.0,1.65,23,25.8,22.04517453798768,0.35,0,6,10,4,1,1,0,0
2002,Mexico,3,0,1908.5,20.0,0.65,0.15,1.0,1.7,0.7,2.1,23,29.0,23.085557837097877,0.57,0,6,9,5,11,4,0,0
2002,Nigeria,1,0,1858.5,20.0,0.65,0.25,1.0,1.6,0.6,2.2,23,23.9,17.242984257357975,0.35,0,8,8,4,2,3,0,0
2002,Paraguay,3,0,1682.6,18.0,0.2777777777777778,0.3333333333333333,-0.4444444444444444,1.2777777777777777,1.7222222222222223,1.1666666666666667,23,28.2,20.788501026694046,0.43,0,8,7,5,5,3,0,0
2002,Poland,1,0,1697.5,16.0,0.5,0.3125,0.75,1.8125,1.0625,1.8125,23,28.8,23.21697467488022,0.0,0,9,6,5,5,6,0,0
2002,Portugal,1,0,1962.3,14.0,0.5714285714285714,0.2857142857142857,1.7142857142857142,2.857142857142857,1.1428571428571428,2.0,23,28.3,19.37303216974675,0.0,0,8,9,3,2,6,0,0
2002,Republic of Ireland,3,0,0.0,,0.0,0.0,0.0,0.0,0.0,0.0,23,27.5,21.22381930184805,0.3,0,8,8,4,2,4,0,0
2002,Russia,1,0,1738.5,16.0,0.375,0.4375,0.5,1.4375,0.9375,1.5625,23,27.8,18.595482546201232,0.26,0,7,9,4,1,1,0,0
2002,Saudi Arabia,1,0,1856.0,20.0,0.65,0.1,0.7,1.7,1.0,2.05,23,26.3,21.475701574264203,0.52,0,8,8,4,2,3,0,0
2002,Senegal,4,0,1850.5,20.0,0.65,0.15,0.9,1.45,0.55,2.1,23,25.2,19.43874058863792,0.0,0,7,8,5,0,0,0,0
2002,Slovenia,1,0,1753.6,17.0,0.4117647058823529,0.4117647058823529,0.11764705882352941,1.1764705882352942,1.0588235294117647,1.6470588235294117,23,28.6,22.951403148528406,0.0,0,8,7,5,0,0,0,0
2002,South Africa,1,0,1678.2,20.0,0.4,0.35,0.1,0.85,0.75,1.55,23,26.8,20.205338809034906,0.26,0,7,10,3,1,1,0,0
2002,South Korea,6,0,1800.9,20.0,0.3,0.4,0.2,1.15,0.95,1.3,23,27.1,20.892539356605067,0.57,0,7,6,7,5,1,0,0
2002,Spain,4,0,1926.1,12.0,0.6666666666666666,0.16666666666666666,1.5,2.1666666666666665,0.6666666666666666,2.1666666666666665,23,27.1,20.859685147159478,0.39,0,6,10,4,10,4,0,0
2002,Sweden,3,0,1818.1,20.0,0.6,0.35,1.45,2.05,0.6,2.15,23,27.2,20.657084188911703,0.17,0,8,8,4,9,7,0,0
2002,Tunisia,1,0,1686.2,20.0,0.4,0.35,1.05,1.85,0.8,1.55,23,27.5,20.725530458590008,0.48,0,9,6,5,2,1,0,0
2002,Turkey,6,0,1710.6,16.0,0.4375,0.3125,0.625,1.4375,0.8125,1.625,23,28.0,21.727583846680357,0.0,0,6,9,5,1,1,0,0
2002,United States,4,0,1888.0,20.0,0.5,0.1,0.55,1.5,0.95,1.6,23,28.8,20.019164955509925,0.83,0,8,7,5,6,5,0,0
2002,Uruguay,1,0,1819.8,20.0,0.4,0.3,0.25,1.3,1.05,1.5,23,25.8,22.036960985626283,0.0,0,6,7,7,9,7,0,0
2006,Angola,1,0,1678.8,20.0,0.35,0.25,0.0,1.35,1.35,1.3,23,26.7,21.021218343600275,0.0,0,8,6,6,0,0,0,0
2006,Argentina,4,0,1917.3,20.0,0.5,0.2,0.45,1.75,1.3,1.7,23,26.6,18.9596167008898,0.26,0,8,6,6,13,7,0,0
2006,Australia,3,0,1949.9,16.0,0.625,0.125,1.125,2.1875,1.0625,2.0,23,28.5,20.84599589322382,0.0,0,8,7,5,1,1,0,0
2006,Brazil,4,0,2048.6,18.0,0.6666666666666666,0.2222222222222222,2.111111111111111,2.888888888888889,0.7777777777777778,2.2222222222222223,23,28.8,22.3709787816564,0.78,0,8,8,4,17,7,0,1
2006,Costa Rica,1,0,1744.1,20.0,0.35,0.1,-0.4,1.25,1.65,1.15,23,27.9,21.440109514031484,0.39,0,8,7,5,2,3,0,0
2006,Croatia,1,0,1844.6,17.0,0.47058823529411764,0.29411764705882354,0.8235294117647058,1.9411764705882353,1.1176470588235294,1.7058823529411764,23,28.0,20.747433264887064,0.61,0,5,10,5,2,6,0,0
2006,Czech Republic,1,0,1967.6,16.0,0.75,0.0625,1.8125,2.6875,0.875,2.3125,23,28.9,24.05475701574264,0.0,0,7,8,5,0,0,0,0
2006,Ecuador,3,0,1715.0,20.0,0.35,0.25,-0.15,1.15,1.3,1.3,23,26.9,20.10677618069815,0.39,0,7,8,5,1,1,0,0
2006,England,4,0,1992.4,14.0,0.7857142857142857,0.07142857142857142,1.2142857142857142,2.142857142857143,0.9285714285714286,2.4285714285714284,23,25.8,17.232032854209447,0.61,0,7,9,4,11,7,0,0
2006,France,7,0,2005.1,15.0,0.6,0.3333333333333333,1.1333333333333333,1.7333333333333334,0.6,2.1333333333333333,23,29.1,23.173169062286107,0.74,0,8,7,5,11,7,0,0
2006,Germany,6,0,1954.7,20.0,0.5,0.3,0.9,2.45,1.55,1.8,23,26.8,20.594113620807665,0.57,0,7,8,5,5,7,1,0
2006,Ghana,3,0,1721.2,17.0,0.47058823529411764,0.23529411764705882,0.6470588235294118,1.5294117647058822,0.8823529411764706,1.6470588235294117,23,25.1,20.188911704312115,0.0,0,8,7,5,0,0,0,0
2006,Iran,1,0,1951.9,16.0,0.75,0.125,1.1875,2.0,0.8125,2.375,23,27.1,20.709103353867214,0.09,0,6,8,6,2,1,0,0
2006,Italy,7,1,1948.6,16.0,0.5,0.5,0.9375,1.5625,0.625,2.0,23,28.7,22.87748117727584,0.61,0,8,6,6,15,7,0,0
2006,Ivory Coast,1,0,0.0,,0.0,0.0,0.0,0.0,0.0,0.0,23,25.9,22.373716632443532,0.0,0,8,7,5,0,0,0,0
2006,Japan,1,0,1869.3,20.0,0.45,0.3,0.5,1.7,1.2,1.65,23,27.7,24.750171115674195,0.65,0,8,7,5,2,3,0,0
2006,Mexico,3,0,1882.0,20.0,0.6,0.0,0.65,1.7,1.05,1.8,23,27.8,19.696098562628336,0.52,0,8,8,4,12,4,0,0
2006,Netherlands,3,0,2013.9,15.0,0.6666666666666666,0.26666666666666666,1.2,1.6666666666666667,0.4666666666666667,2.2666666666666666,23,27.0,19.471594798083505,0.22,0,8,7,5,7,7,0,0
2006,Paraguay,1,0,1787.8,18.0,0.4444444444444444,0.2777777777777778,0.2222222222222222,1.5,1.2777777777777777,1.6111111111111112,23,27.2,18.223134839151268,0.61,0,7,8,5,6,3,0,0
2006,Poland,1,0,1824.3,20.0,0.7,0.05,1.15,2.15,1.0,2.15,23,27.1,21.141683778234086,0.17,0,7,8,5,6,6,0,0
2006,Portugal,6,0,1964.7,15.0,0.7333333333333333,0.2,1.8666666666666667,2.2666666666666666,0.4,2.4,23,28.4,21.338809034907598,0.3,0,7,7,6,3,6,0,0
2006,Saudi Arabia,1,0,1678.3,20.0,0.3,0.25,-0.15,1.25,1.4,1.15,23,26.9,19.10198494182067,0.74,0,9,7,4,3,3,0,0
2006,Serbia and Montenegro,1,0,0.0,,0.0,0.0,0.0,0.0,0.0,0.0,23,28.3,21.806981519507186,0.09,0,8,8,4,0,0,0,0
2006,South Korea,1,0,1835.4,20.0,0.45,0.3,0.45,1.1,0.65,1.65,23,26.5,20.914442162902123,0.48,0,8,6,6,6,6,0,0
2006,Spain,3,0,2004.5,16.0,0.6875,0.3125,1.75,2.25,0.5,2.375,23,26.2,19.09924709103354,0.39,0,8,9,3,11,4,0,0
2006,Sweden,3,0,1844.1,17.0,0.35294117647058826,0.47058823529411764,0.6470588235294118,1.5294117647058822,0.8823529411764706,1.5294117647058822,23,28.0,22.217659137577,0.65,0,7,8,5,10,7,0,0
2006,Switzerland,3,0,1815.3,15.0,0.5333333333333333,0.4,0.8666666666666667,1.7333333333333334,0.8666666666666667,2.0,23,25.6,19.38945927446954,0.0,0,8,8,4,7,4,0,0
2006,Togo,1,0,1575.3,16.0,0.5,0.0625,0.0625,1.375,1.3125,1.5625,23,26.0,18.43668720054757,0.0,0,7,8,5,0,0,0,0
2006,Trinidad and Tobago,1,0,1683.4,20.0,0.4,0.25,0.0,1.15,1.15,1.45,23,29.5,21.675564681724847,0.0,0,7,7,6,0,0,0,0
2006,Tunisia,1,0,1814.3,20.0,0.6,0.2,0.8,1.7,0.9,2.0,23,27.4,19.76728268309377,0.43,0,8,7,5,3,1,0,0
2006,Ukraine,4,0,1824.3,15.0,0.6,0.3333333333333333,1.1333333333333333,1.4666666666666666,0.3333333333333333,2.1333333333333333,23,26.4,19.586584531143053,0.0,0,7,7,6,0,0,0,0
2006,United States,1,0,1948.3,20.0,0.55,0.3,0.75,1.45,0.7,1.95,23,28.6,22.190280629705683,0.78,0,7,8,5,7,5,0,0
2010,Algeria,1,0,1671.3,18.0,0.5555555555555556,0.1111111111111111,-0.16666666666666666,1.0,1.1666666666666667,1.7777777777777777,23,26.7,20.306639288158795,0.0,0,8,8,4,2,1,0,0
2010,Argentina,4,0,1932.0,19.0,0.6842105263157895,0.0,0.6842105263157895,2.0,1.3157894736842106,2.0526315789473686,23,27.6,20.974674880219027,0.39,0,7,7,6,14,7,0,0
2010,Australia,1,0,1929.9,17.0,0.5294117647058824,0.29411764705882354,0.47058823529411764,1.1764705882352942,0.7058823529411765,1.8823529411764706,23,29.0,22.97056810403833,0.61,0,7,9,4,2,3,0,0
2010,Brazil,4,0,2141.9,20.0,0.85,0.1,1.75,2.4,0.65,2.65,23,29.2,23.21697467488022,0.52,0,8,8,4,18,7,0,0
2010,Cameroon,1,0,1756.7,20.0,0.4,0.3,0.35,1.45,1.1,1.5,23,25.6,18.38466803559206,0.3,0,8,7,5,5,4,0,0
2010,Chile,3,0,1965.8,20.0,0.65,0.2,0.85,1.8,0.95,2.15,23,26.4,21.475701574264203,0.0,0,5,9,6,7,6,0,0
2010,Denmark,1,0,1774.0,15.0,0.4,0.26666666666666666,0.4666666666666667,1.2,0.7333333333333333,1.4666666666666666,23,28.3,18.321697467488022,0.35,0,7,10,3,3,4,0,0
2010,England,3,0,2067.2,14.0,0.7142857142857143,0.07142857142857142,1.7142857142857142,2.5714285714285716,0.8571428571428571,2.2142857142857144,23,28.9,23.145790554414784,0.65,0,8,8,4,12,7,0,0
2010,France,1,0,1904.7,16.0,0.5,0.25,0.4375,1.1875,0.75,1.75,23,28.1,23.457905544147845,0.43,0,8,7,5,12,7,0,0
2010,Germany,6,0,2012.3,15.0,0.6666666666666666,0.2,1.7333333333333334,2.3333333333333335,0.6,2.2,23,25.4,20.432580424366872,0.39,0,8,8,4,6,7,0,0
2010,Ghana,4,0,1769.0,20.0,0.5,0.15,0.2,1.25,1.05,1.65,23,24.7,19.912388774811774,0.39,0,8,8,4,1,3,0,0
2010,Greece,1,0,1744.4,13.0,0.3076923076923077,0.38461538461538464,-0.15384615384615385,1.1538461538461537,1.3076923076923077,1.3076923076923077,23,28.1,20.188911704312115,0.0,0,10,5,5,1,1,0,0
2010,Honduras,1,0,1779.3,20.0,0.5,0.1,0.35,1.4,1.05,1.6,23,28.3,23.474332648870636,0.0,0,8,6,6,1,1,0,0
2010,Italy,1,0,1983.1,18.0,0.4444444444444444,0.3333333333333333,0.3888888888888889,1.3888888888888888,1.0,1.6666666666666667,23,28.7,23.1129363449692,0.65,0,7,8,5,16,7,0,1
2010,Ivory Coast,1,0,0.0,,0.0,0.0,0.0,0.0,0.0,0.0,23,27.1,22.444900752908968,0.48,0,8,7,5,1,1,0,0
2010,Japan,3,0,1821.0,20.0,0.45,0.2,0.55,1.7,1.15,1.55,23,28.2,22.094455852156056,0.57,0,7,7,6,3,3,0,0
2010,Mexico,3,0,2000.0,20.0,0.65,0.2,1.25,2.0,0.75,2.15,23,27.6,21.084188911704313,0.61,0,9,5,6,13,4,0,0
2010,Netherlands,7,0,2104.2,15.0,0.6666666666666666,0.3333333333333333,1.6,2.1333333333333333,0.5333333333333333,2.3333333333333335,23,28.1,22.351813826146476,0.65,0,7,7,6,8,7,0,0
2010,New Zealand,1,0,1689.5,14.0,0.21428571428571427,0.21428571428571427,-0.8571428571428571,0.8571428571428571,1.7142857142857142,0.8571428571428571,23,27.9,18.510609171800137,0.0,0,7,9,4,1,1,0,0
2010,Nigeria,1,0,1825.5,19.0,0.47368421052631576,0.42105263157894735,0.6842105263157895,1.368421052631579,0.6842105263157895,1.8421052631578947,23,26.2,19.51813826146475,0.3,0,7,4,9,3,3,0,0
2010,North Korea,1,0,1627.0,20.0,0.3,0.4,0.85,1.8,0.95,1.3,23,25.2,17.61259411362081,0.0,0,8,8,4,1,4,0,0
2010,Paraguay,4,0,1797.0,18.0,0.3333333333333333,0.2222222222222222,-0.2777777777777778,0.8333333333333334,1.1111111111111112,1.2222222222222223,23,28.7,21.50034223134839,0.65,0,8,6,6,7,3,0,0
2010,Portugal,3,0,1920.1,16.0,0.75,0.25,1.5,1.6875,0.1875,2.5,23,28.2,22.250513347022586,0.35,0,8,9,3,4,6,0,0
2010,Serbia,1,0,1879.0,18.0,0.6666666666666666,0.1111111111111111,1.1111111111111112,1.7777777777777777,0.6666666666666666,2.111111111111111,23,26.4,21.259411362080765,0.22,0,7,9,4,0,0,0,0
2010,Slovakia,3,0,1710.1,15.0,0.4,0.2,0.3333333333333333,1.6666666666666667,1.3333333333333333,1.4,23,26.5,20.528405201916495,0.0,0,7,9,4,0,0,0,0
2010,Slovenia,1,0,1749.3,12.0,0.5833333333333334,0.08333333333333333,1.1666666666666667,1.9166666666666667,0.75,1.8333333333333333,23,27.2,20.057494866529773,0.0,0,8,6,6,1,1,0,0
2010,South Africa,1,0,1748.8,20.0,0.4,0.35,0.65,1.2,0.55,1.55,23,27.3,22.642026009582477,0.17,0,8,9,3,2,1,1,0
2010,South Korea,3,0,1889.8,20.0,0.6,0.15,0.8,1.45,0.65,1.95,23,27.6,20.67898699520876,0.7,0,7,8,5,7,6,0,0
2010,Spain,7,1,2210.6,20.0,0.95,0.0,2.25,2.95,0.7,2.85,23,26.4,21.77138945927447,0.61,0,7,9,4,12,4,0,0
2010,Switzerland,1,0,1801.7,12.0,0.3333333333333333,0.4166666666666667,0.4166666666666667,1.1666666666666667,0.75,1.4166666666666667,23,27.1,18.6694045174538,0.35,0,7,9,4,8,4,0,0
2010,United States,3,0,1873.1,20.0,0.5,0.1,0.05,1.75,1.7,1.6,23,27.3,20.594113620807665,0.48,0,7,9,4,8,5,0,0
2010,Uruguay,6,0,1887.5,14.0,0.5,0.21428571428571427,0.35714285714285715,1.5,1.1428571428571428,1.7142857142857142,23,27.1,21.22381930184805,0.09,0,7,8,5,10,7,0,0
2014,Algeria,3,0,1765.6,16.0,0.625,0.1875,0.6875,1.5625,0.875,2.0625,23,26.6,19.548254620123203,0.3,0,8,9,3,3,1,0,0
2014,Argentina,7,0,2091.9,15.0,0.6,0.3333333333333333,1.3333333333333333,2.066666666666667,0.7333333333333333,2.1333333333333333,23,28.9,24.229979466119097,0.57,0,7,8,5,15,7,0,0
2014,Australia,1,0,1790.9,15.0,0.26666666666666666,0.26666666666666666,-0.5333333333333333,1.5333333333333334,2.066666666666667,1.0666666666666667,23,26.4,21.026694045174537,0.39,0,6,11,3,3,3,0,0
2014,Belgium,4,0,1922.2,15.0,0.6666666666666666,0.2,0.9333333333333333,1.8666666666666667,0.9333333333333333,2.2,23,26.0,19.15126625598905,0.04,0,8,9,3,11,6,0,0
2014,Bosnia and Herzegovina,1,0,1841.8,12.0,0.6666666666666666,0.0,0.9166666666666666,2.0,1.0833333333333333,2.0,23,27.1,20.97741273100616,0.0,0,8,9,3,0,0,0,0
2014,Brazil,6,0,2220.0,20.0,0.8,0.15,2.25,2.8,0.55,2.55,23,28.4,21.75770020533881,0.3,0,8,7,5,19,7,1,0
2014,Cameroon,1,0,1757.2,13.0,0.46153846153846156,0.3076923076923077,0.38461538461538464,1.3076923076923077,0.9230769230769231,1.6923076923076923,23,26.6,18.083504449007528,0.65,0,7,7,6,6,4,0,0
2014,Chile,3,0,2003.9,16.0,0.625,0.1875,1.375,2.3125,0.9375,2.0625,23,28.0,23.531827515400412,0.48,0,5,11,4,8,6,0,0
2014,Colombia,4,0,2000.8,14.0,0.5,0.35714285714285715,0.8571428571428571,1.5714285714285714,0.7142857142857143,1.8571428571428572,23,27.5,21.284052019164957,0.09,0,7,8,5,4,3,0,0
2014,Costa Rica,4,0,1793.9,20.0,0.45,0.15,0.25,1.1,0.85,1.5,23,27.4,21.960301163586585,0.09,0,9,7,4,3,3,0,0
2014,Croatia,1,0,1833.9,15.0,0.5333333333333333,0.2,0.5333333333333333,1.4666666666666666,0.9333333333333333,1.8,23,27.4,20.10130047912389,0.26,0,7,8,5,3,6,0,0
2014,Ecuador,1,0,1905.1,17.0,0.29411764705882354,0.35294117647058826,0.11764705882352941,1.6470588235294117,1.5294117647058822,1.2352941176470589,23,27.7,19.148528405201915,0.26,0,6,11,3,2,3,0,0
2014,England,1,0,2002.9,16.0,0.5,0.375,1.25,2.0625,0.8125,1.875,23,26.6,18.91854893908282,0.39,0,7,9,4,13,7,0,0
2014,France,4,0,1975.0,16.0,0.5,0.1875,1.375,2.1875,0.8125,1.6875,23,26.8,20.895277207392198,0.22,0,8,8,4,13,7,0,0
2014,Germany,7,1,2140.8,16.0,0.6875,0.25,1.625,2.75,1.125,2.3125,23,26.2,20.39425051334702,0.74,0,9,7,4,7,7,0,0
2014,Ghana,1,0,1800.6,20.0,0.55,0.15,0.9,1.85,0.95,1.8,23,25.5,21.481177275838466,0.43,0,6,10,4,2,4,0,0
2014,Greece,3,0,1882.6,14.0,0.5714285714285714,0.2857142857142857,0.5,1.0714285714285714,0.5714285714285714,2.0,23,28.5,20.23545516769336,0.43,0,7,9,4,2,1,0,0
2014,Honduras,1,0,1785.7,20.0,0.35,0.25,-0.4,1.1,1.5,1.3,23,28.6,20.744695414099933,0.43,0,7,9,4,2,1,0,0
2014,Iran,1,0,1854.2,17.0,0.5882352941176471,0.29411764705882354,1.1176470588235294,1.8235294117647058,0.7058823529411765,2.0588235294117645,23,28.5,20.83504449007529,0.17,0,9,8,3,3,1,0,0
2014,Italy,1,0,1947.1,20.0,0.3,0.55,0.3,1.6,1.3,1.45,23,27.9,21.585215605749486,0.52,0,7,8,5,17,7,0,0
2014,Ivory Coast,1,0,0.0,,0.0,0.0,0.0,0.0,0.0,0.0,23,27.8,20.99110198494182,0.7,0,8,4,8,2,1,0,0
2014,Japan,1,0,1892.8,20.0,0.5,0.15,0.15,1.95,1.8,1.65,23,27.3,23.247091033538673,0.43,0,8,7,5,4,3,0,0
2014,Mexico,3,0,1906.9,20.0,0.5,0.05,0.55,1.75,1.2,1.55,23,27.3,21.727583846680357,0.7,0,8,8,4,14,4,0,0
2014,Netherlands,6,0,2020.4,16.0,0.5625,0.375,1.5,2.125,0.625,2.0625,23,26.5,20.32306639288159,0.48,0,8,6,6,9,7,0,0
2014,Nigeria,3,0,1847.0,20.0,0.5,0.3,0.75,1.8,1.05,1.8,23,25.8,20.65160848733744,0.3,0,7,7,6,4,3,0,0
2014,Portugal,1,0,2045.5,16.0,0.625,0.25,1.0625,2.125,1.0625,2.125,23,28.5,21.07049965776865,0.61,0,7,9,4,5,6,0,0
2014,Russia,1,0,1891.7,14.0,0.5714285714285714,0.2857142857142857,1.0714285714285714,1.7142857142857142,0.6428571428571429,2.0,23,27.5,21.377138945927445,0.04,0,9,6,5,2,1,0,0
2014,South Korea,1,0,1772.7,20.0,0.35,0.2,-0.3,0.95,1.25,1.25,23,26.2,21.927446954141,0.26,0,8,7,5,8,6,0,0
2014,Spain,1,0,2184.8,20.0,0.75,0.15,1.45,2.05,0.6,2.4,23,28.3,22.425735797399042,1.17,0,6,10,4,13,7,0,1
2014,Switzerland,3,0,1920.4,12.0,0.5833333333333334,0.3333333333333333,0.6666666666666666,1.4166666666666667,0.75,2.0833333333333335,23,26.1,21.7056810403833,0.7,0,8,8,4,9,4,0,0
2014,United States,3,0,1995.5,20.0,0.8,0.05,1.25,2.15,0.9,2.45,23,27.8,19.017111567419576,0.43,0,8,8,4,9,5,0,0
2014,Uruguay,3,0,2011.1,20.0,0.55,0.2,0.9,1.9,1.0,1.85,23,28.5,19.392197125256672,0.7,0,7,8,5,11,7,0,0
2018,Argentina,3,0,2071.8,13.0,0.5384615384615384,0.23076923076923078,0.6153846153846154,1.6923076923076923,1.0769230769230769,1.8461538461538463,23,29.5,22.17932922655715,0.7,0,9,7,4,16,7,0,0
2018,Australia,1,0,1891.0,17.0,0.4117647058823529,0.35294117647058826,0.11764705882352941,1.4705882352941178,1.3529411764705883,1.588235294117647,23,28.1,19.44147843942505,0.48,0,7,5,8,4,3,0,0
2018,Belgium,6,0,2056.0,14.0,0.7142857142857143,0.2857142857142857,2.0714285714285716,3.0,0.9285714285714286,2.4285714285714284,23,27.6,21.10335386721424,0.65,0,7,8,5,12,6,0,0
2018,Brazil,4,0,2242.7,15.0,0.7333333333333333,0.2,1.7333333333333334,2.0,0.26666666666666666,2.4,23,28.6,21.196440793976727,0.3,0,8,7,5,20,7,0,0
2018,Colombia,3,0,1987.6,14.0,0.35714285714285715,0.42857142857142855,0.6428571428571429,1.4285714285714286,0.7857142857142857,1.5,23,28.4,22.0041067761807,0.43,0,7,8,5,5,4,0,0
2018,Costa Rica,1,0,1845.2,20.0,0.35,0.25,-0.25,0.95,1.2,1.3,23,29.8,20.27378507871321,0.61,0,9,8,3,4,4,0,0
2018,Croatia,7,0,1936.1,16.0,0.4375,0.25,0.0625,1.0,0.9375,1.5625,23,27.9,21.738535249828885,0.61,0,8,6,6,4,6,0,0
2018,Denmark,3,0,1933.8,14.0,0.5,0.42857142857142855,1.1428571428571428,1.5714285714285714,0.42857142857142855,1.9285714285714286,23,27.1,20.687200547570157,0.13,0,7,6,7,4,4,0,0
2018,Egypt,1,0,1730.2,20.0,0.45,0.25,0.15,0.85,0.7,1.6,23,29.0,21.388090349075977,0.0,0,8,6,6,2,3,0,0
2018,England,6,0,2041.2,14.0,0.5714285714285714,0.2857142857142857,0.7857142857142857,1.4285714285714286,0.6428571428571429,2.0,23,26.1,19.685147159479808,0.22,0,10,5,5,14,7,0,0
2018,France,7,1,2103.0,16.0,0.625,0.1875,1.125,2.125,1.0,2.0625,23,26.0,19.482546201232033,0.35,0,8,5,7,14,7,0,0
2018,Germany,1,0,2147.6,19.0,0.631578947368421,0.2631578947368421,1.5789473684210527,2.473684210526316,0.8947368421052632,2.1578947368421053,23,27.1,22.116358658453116,0.7,0,8,9,3,8,7,0,1
2018,Iceland,1,0,1847.2,18.0,0.5,0.1111111111111111,0.6111111111111112,1.6666666666666667,1.0555555555555556,1.6111111111111112,23,28.6,20.996577686516083,0.0,0,7,10,3,0,0,0,0
2018,Iran,1,0,1945.7,17.0,0.6470588235294118,0.17647058823529413,0.7647058823529411,1.3529411764705883,0.5882352941176471,2.1176470588235294,23,27.2,21.700205338809035,0.35,0,8,6,6,4,1,0,0
2018,Japan,3,0,1822.4,18.0,0.3888888888888889,0.2222222222222222,0.05555555555555555,1.4444444444444444,1.3888888888888888,1.3888888888888888,23,28.6,23.293634496919918,0.7,0,8,9,3,5,3,0,0
2018,Mexico,3,0,1936.7,20.0,0.5,0.2,0.3,1.3,1.0,1.7,23,29.2,20.637919233401778,1.13,0,6,8,6,15,4,0,0
2018,Morocco,1,0,1875.9,19.0,0.631578947368421,0.10526315789473684,1.0526315789473684,1.631578947368421,0.5789473684210527,2.0,23,27.2,19.60848733744011,0.0,0,6,10,4,4,3,0,0
2018,Nigeria,1,0,1748.9,14.0,0.35714285714285715,0.2857142857142857,0.14285714285714285,1.2857142857142858,1.1428571428571428,1.3571428571428572,23,26.0,19.627652292950035,0.26,0,8,6,6,5,3,0,0
2018,Panama,1,0,1765.0,20.0,0.3,0.3,-0.1,1.1,1.2,1.2,23,28.9,19.98631074606434,0.0,0,8,7,5,0,0,0,0
2018,Peru,1,0,2074.6,15.0,0.6666666666666666,0.3333333333333333,1.1333333333333333,1.6666666666666667,0.5333333333333333,2.3333333333333335,23,27.4,22.88021902806297,0.0,0,8,7,5,4,4,0,0
2018,Poland,1,0,1915.1,12.0,0.5833333333333334,0.16666666666666666,1.0,2.25,1.25,1.9166666666666667,23,28.3,21.251197809719372,0.04,0,7,9,4,7,6,0,0
2018,Portugal,3,0,2072.8,20.0,0.65,0.25,1.4,2.1,0.7,2.2,23,28.4,21.084188911704313,0.52,0,8,7,5,6,6,0,0
2018,Russia,4,0,1771.5,15.0,0.2,0.3333333333333333,-0.26666666666666666,1.3333333333333333,1.6,0.9333333333333333,23,28.8,22.039698836413415,0.3,0,7,11,2,3,1,1,0
2018,Saudi Arabia,1,0,1718.2,20.0,0.35,0.1,-0.5,1.15,1.65,1.15,23,28.7,21.82614647501711,0.0,0,7,10,3,4,3,0,0
2018,Senegal,1,0,1878.1,20.0,0.45,0.5,0.85,1.35,0.5,1.85,23,27.0,19.693360711841205,0.0,0,6,6,8,1,4,0,0
2018,Serbia,1,0,1827.0,13.0,0.5384615384615384,0.23076923076923078,0.9230769230769231,1.6923076923076923,0.7692307692307693,1.8461538461538463,23,26.8,20.473648186173854,0.22,0,8,8,4,1,1,0,0
2018,South Korea,1,0,1799.8,20.0,0.3,0.35,-0.1,1.25,1.35,1.25,23,27.8,20.435318275154003,0.39,0,10,7,3,9,6,0,0
2018,Spain,3,0,2141.2,14.0,0.7142857142857143,0.2857142857142857,2.2857142857142856,3.0,0.7142857142857143,2.4285714285714284,23,28.5,22.39561943874059,0.87,0,8,7,5,14,7,0,0
2018,Sweden,4,0,1859.6,17.0,0.4117647058823529,0.29411764705882354,0.8235294117647058,1.7058823529411764,0.8823529411764706,1.5294117647058822,23,28.2,23.865845311430526,0.0,0,8,8,4,11,7,0,0
2018,Switzerland,3,0,1988.7,13.0,0.7692307692307693,0.15384615384615385,1.6153846153846154,2.0,0.38461538461538464,2.4615384615384617,23,27.2,21.32785763175907,0.96,0,8,8,4,10,4,0,0
2018,Tunisia,1,0,1804.8,20.0,0.4,0.25,0.1,1.35,1.25,1.45,23,26.5,20.969199178644764,0.0,0,8,4,8,4,1,0,0
2018,Uruguay,4,0,1963.7,13.0,0.38461538461538464,0.23076923076923078,-0.07692307692307693,1.2307692307692308,1.3076923076923077,1.3846153846153846,23,28.1,20.969199178644764,0.78,0,7,7,6,12,7,0,0
2022,Argentina,7,1,2284.4,20.0,0.8,0.2,2.05,2.3,0.25,2.6,26,28.3,21.568788501026695,0.5,0,8,9,6,17,7,0,0
2022,Australia,3,0,1867.7,19.0,0.631578947368421,0.21052631578947367,1.1578947368421053,1.7894736842105263,0.631578947368421,2.1052631578947367,26,27.6,18.17932922655715,0.42,0,9,6,8,5,3,0,0
2022,Belgium,1,0,2083.6,20.0,0.55,0.15,0.75,1.95,1.2,1.8,26,28.3,19.07460643394935,0.96,0,6,8,9,13,6,0,0
2022,Brazil,4,0,2294.3,20.0,0.75,0.2,1.75,2.15,0.4,2.45,26,28.4,21.423682409308693,0.54,0,8,6,9,21,7,0,0
2022,Cameroon,1,0,1779.5,20.0,0.55,0.25,0.7,1.55,0.85,1.9,26,26.8,19.60848733744011,0.23,0,8,8,7,7,4,0,0
2022,Canada,1,0,1905.7,20.0,0.55,0.25,1.0,1.7,0.7,1.9,26,27.5,20.42984257357974,0.0,0,7,10,6,1,1,0,0
2022,Costa Rica,1,0,1921.9,20.0,0.55,0.25,0.45,1.1,0.65,1.9,26,27.7,18.431211498973305,0.62,0,8,12,3,5,4,0,0
2022,Croatia,6,0,2054.7,20.0,0.6,0.25,0.85,1.8,0.95,2.05,26,27.9,20.199863107460644,0.58,0,9,8,6,5,7,0,0
2022,Denmark,1,0,2082.7,20.0,0.7,0.0,1.2,2.1,0.9,2.1,26,27.7,22.38193018480493,0.5,0,9,9,5,5,4,0,0
2022,Ecuador,1,0,1914.9,20.0,0.35,0.5,0.35,0.95,0.6,1.55,26,26.1,20.42984257357974,0.12,0,9,10,4,3,3,0,0
2022,England,4,0,2032.4,20.0,0.55,0.3,1.7,2.45,0.75,1.95,26,27.0,19.394934976043807,0.58,0,9,8,6,15,7,0,0
2022,France,7,0,2082.2,20.0,0.5,0.35,1.1,2.05,0.95,1.85,26,27.1,20.027378507871322,0.65,0,9,6,8,15,7,0,1
2022,Germany,1,0,2071.5,20.0,0.55,0.3,1.65,2.6,0.95,1.95,26,27.3,17.998631074606433,0.65,0,9,9,5,9,7,0,0
2022,Ghana,1,0,1680.1,20.0,0.35,0.35,-0.05,0.95,1.0,1.4,26,25.3,18.702258726899384,0.12,0,9,10,4,3,4,0,0
2022,Iran,1,0,1940.2,19.0,0.7368421052631579,0.10526315789473684,1.368421052631579,1.894736842105263,0.5263157894736842,2.3157894736842106,25,29.4,24.40246406570842,0.76,0,10,8,3,5,1,0,0
2022,Japan,3,0,1976.1,20.0,0.6,0.15,1.0,1.6,0.6,1.95,26,28.2,21.462012320328544,0.5,0,8,11,4,6,3,0,0
2022,Mexico,1,0,1907.5,20.0,0.4,0.3,0.25,1.15,0.9,1.5,26,29.0,23.8466803559206,0.81,0,9,6,8,16,4,0,0
2022,Morocco,6,0,1915.8,20.0,0.7,0.2,1.45,2.15,0.7,2.3,26,26.7,18.529774127310063,0.31,0,8,10,5,5,3,0,0
2022,Netherlands,4,0,2183.1,20.0,0.75,0.2,1.75,2.6,0.85,2.45,26,27.2,19.583846680355922,0.12,0,9,7,7,10,7,0,0
2022,Poland,3,0,1919.2,20.0,0.45,0.25,0.6,1.95,1.35,1.6,26,27.6,20.459958932238195,0.38,0,8,11,4,8,6,0,0
2022,Portugal,4,0,2085.3,20.0,0.6,0.15,1.45,2.2,0.75,1.95,26,27.3,19.058179329226558,0.65,0,8,8,7,7,6,0,0
2022,Qatar,1,0,1850.5,20.0,0.45,0.25,0.0,1.3,1.3,1.6,26,27.5,20.747433264887064,0.0,0,8,10,5,0,0,1,0
2022,Saudi Arabia,1,0,1815.6,20.0,0.3,0.4,-0.05,0.6,0.65,1.3,26,27.8,21.65639972621492,0.35,0,8,9,6,5,3,0,0
2022,Senegal,3,0,1837.3,20.0,0.55,0.35,0.9,1.6,0.7,2.0,26,26.5,20.18343600273785,0.23,0,10,7,6,2,4,0,0
2022,Serbia,1,0,2003.5,18.0,0.6666666666666666,0.16666666666666666,1.3333333333333333,2.1666666666666665,0.8333333333333334,2.1666666666666665,26,27.4,21.492128678986994,0.46,0,7,10,6,2,1,0,0
2022,South Korea,3,0,1956.5,20.0,0.7,0.15,1.15,2.0,0.85,2.25,26,28.2,21.749486652977414,0.42,0,9,12,2,10,6,0,0
2022,Spain,3,0,2160.3,20.0,0.65,0.2,1.25,2.1,0.85,2.15,26,25.9,18.29158110882957,0.42,0,8,7,8,15,7,0,0
2022,Switzerland,3,0,2015.8,20.0,0.4,0.3,0.2,1.4,1.2,1.5,26,27.5,20.309377138945926,0.69,0,8,10,4,11,4,0,0
2022,Tunisia,1,0,1861.2,20.0,0.6,0.1,0.7,1.4,0.7,1.9,26,28.5,19.83025325119781,0.38,0,8,7,7,5,1,0,0
2022,United States,3,0,1934.3,20.0,0.5,0.3,0.9,1.55,0.65,1.8,26,25.6,19.887748117727583,0.04,0,9,6,8,10,5,0,0
2022,Uruguay,1,0,2040.6,20.0,0.55,0.2,0.6,1.4,0.8,1.85,26,28.3,20.917180013689254,0.96,0,9,8,6,13,7,0,0
2022,Wales,1,0,1866.9,20.0,0.3,0.35,0.0,1.25,1.25,1.25,26,26.9,20.566735112936346,0.0,0,9,9,5,1,4,0,0
